-- MySQL dump 10.13  Distrib 5.6.43, for Win64 (x86_64)
--
-- Host: 127.0.0.1    Database: bd_molino
-- ------------------------------------------------------
-- Server version	5.6.43-log

/*!40101 SET @OLD_CHARACTER_SET_CLIENT=@@CHARACTER_SET_CLIENT */;
/*!40101 SET @OLD_CHARACTER_SET_RESULTS=@@CHARACTER_SET_RESULTS */;
/*!40101 SET @OLD_COLLATION_CONNECTION=@@COLLATION_CONNECTION */;
/*!40101 SET NAMES utf8 */;
/*!40103 SET @OLD_TIME_ZONE=@@TIME_ZONE */;
/*!40103 SET TIME_ZONE='+00:00' */;
/*!40014 SET @OLD_UNIQUE_CHECKS=@@UNIQUE_CHECKS, UNIQUE_CHECKS=0 */;
/*!40014 SET @OLD_FOREIGN_KEY_CHECKS=@@FOREIGN_KEY_CHECKS, FOREIGN_KEY_CHECKS=0 */;
/*!40101 SET @OLD_SQL_MODE=@@SQL_MODE, SQL_MODE='NO_AUTO_VALUE_ON_ZERO' */;
/*!40111 SET @OLD_SQL_NOTES=@@SQL_NOTES, SQL_NOTES=0 */;

--
-- Table structure for table `costeo`
--

DROP TABLE IF EXISTS `costeo`;
/*!40101 SET @saved_cs_client     = @@character_set_client */;
/*!40101 SET character_set_client = utf8 */;
CREATE TABLE `costeo` (
  `costeo_id` int(11) NOT NULL,
  `costeo_empresa_id` int(11) DEFAULT NULL,
  `costeo_anio` int(11) DEFAULT NULL,
  `costeo_semana` int(11) DEFAULT NULL,
  `costeo_observaciones` varchar(500) DEFAULT NULL,
  `costeo_estado` int(11) DEFAULT NULL,
  `costeo_envio_id` int(11) DEFAULT NULL,
  `usuario_creacion` int(11) DEFAULT NULL,
  `fecha_creacion` datetime DEFAULT NULL,
  `usuario_modificacion` int(11) DEFAULT NULL,
  `fecha_modificacion` datetime DEFAULT NULL,
  `costeo_fecha_tipo_cambio` date DEFAULT NULL,
  `costeo_tipo_cambio` decimal(12,5) DEFAULT NULL,
  `costeo_precio_flete_viaje` decimal(12,5) DEFAULT NULL,
  `costeo_factura_fecha_emision` date DEFAULT NULL,
  `costeo_factura_serie` varchar(4) DEFAULT NULL,
  `costeo_factura_numero` varchar(10) DEFAULT NULL,
  `costeo_factura_generada` bit(1) NOT NULL DEFAULT b'0',
  `costeo_factura_guia_remision` varchar(60) DEFAULT NULL,
  PRIMARY KEY (`costeo_id`),
  KEY `costeo_envio_envio_id_fk_2` (`costeo_envio_id`),
  CONSTRAINT `costeo_envio_envio_id_fk` FOREIGN KEY (`costeo_envio_id`) REFERENCES `envio` (`envio_id`),
  CONSTRAINT `costeo_envio_envio_id_fk_2` FOREIGN KEY (`costeo_envio_id`) REFERENCES `envio` (`envio_id`)
) ENGINE=InnoDB DEFAULT CHARSET=latin1;
/*!40101 SET character_set_client = @saved_cs_client */;

--
-- Dumping data for table `costeo`
--

LOCK TABLES `costeo` WRITE;
/*!40000 ALTER TABLE `costeo` DISABLE KEYS */;
INSERT INTO `costeo` VALUES (1,NULL,NULL,NULL,NULL,-1,1,43,'2019-09-19 15:56:36',48,'2019-09-23 11:37:34','2019-08-26',3.37900,500.00000,'2019-08-26','F007','0011323','',''),(2,NULL,NULL,NULL,NULL,-1,2,48,'2019-09-20 12:06:15',48,'2019-09-20 12:09:29','2019-09-16',3.33500,500.00000,NULL,NULL,NULL,'\0',NULL),(3,NULL,NULL,NULL,NULL,-1,4,48,'2019-09-20 12:22:19',48,'2019-09-23 11:37:29','2019-09-16',3.33700,500.00000,'2019-09-16','F007','0011324','','010-0003265'),(4,NULL,NULL,NULL,NULL,-1,3,48,'2019-09-20 16:32:42',48,'2019-09-23 11:37:32','2019-09-16',3.37900,500.00000,NULL,NULL,NULL,'\0',NULL),(5,NULL,NULL,NULL,NULL,-1,1,48,'2019-09-23 10:13:12',48,'2019-09-23 11:37:34','2019-09-16',3.33500,500.00000,'2019-09-16','F007','0011325','',''),(6,NULL,NULL,NULL,NULL,-1,4,48,'2019-09-23 10:27:18',48,'2019-09-23 11:37:29','2019-09-23',3.34000,650.00000,NULL,NULL,NULL,'\0',NULL),(7,NULL,NULL,NULL,NULL,-1,5,48,'2019-09-23 11:35:57',48,'2019-09-23 11:37:27','2019-09-23',3.35000,500.00000,NULL,NULL,NULL,'\0',NULL),(8,NULL,NULL,NULL,NULL,-1,6,48,'2019-09-23 11:40:09',48,'2019-09-23 11:45:16','2019-08-26',3.37500,500.00000,NULL,NULL,NULL,'\0',NULL),(9,NULL,NULL,NULL,NULL,-1,7,48,'2019-09-23 11:45:48',48,'2019-09-23 11:53:26','2019-08-26',3.33500,500.00000,NULL,NULL,NULL,'\0',NULL),(10,NULL,NULL,NULL,NULL,-1,8,48,'2019-09-23 11:54:47',48,'2019-09-23 12:13:13','2019-09-23',3.35000,500.00000,NULL,NULL,NULL,'\0',NULL),(11,NULL,NULL,NULL,NULL,-1,9,48,'2019-09-23 12:13:51',48,'2019-09-23 12:36:54','2019-09-23',3.35000,500.00000,NULL,NULL,NULL,'\0',NULL),(12,NULL,NULL,NULL,NULL,-1,9,48,'2019-09-23 12:30:47',48,'2019-09-23 12:36:54','2019-09-23',3.35000,500.00000,NULL,NULL,NULL,'\0',NULL),(13,NULL,NULL,NULL,NULL,-1,10,48,'2019-09-23 12:37:47',48,'2019-09-23 12:45:25','2019-08-26',3.33700,500.00000,NULL,NULL,NULL,'\0',NULL),(14,NULL,NULL,NULL,NULL,-1,11,48,'2019-09-23 12:46:06',48,'2019-09-23 15:44:34','2019-09-23',3.33500,500.00000,NULL,NULL,NULL,'\0',NULL);
/*!40000 ALTER TABLE `costeo` ENABLE KEYS */;
UNLOCK TABLES;

--
-- Table structure for table `costeo_detalle`
--

DROP TABLE IF EXISTS `costeo_detalle`;
/*!40101 SET @saved_cs_client     = @@character_set_client */;
/*!40101 SET character_set_client = utf8 */;
CREATE TABLE `costeo_detalle` (
  `costeo_detalle_id` int(11) NOT NULL DEFAULT '0',
  `costeo_detalle_cantidad` decimal(12,5) DEFAULT NULL,
  `costeo_detalle_formula_id` int(11) DEFAULT NULL,
  `costeo_detalle_flete` decimal(12,5) DEFAULT NULL,
  `costeo_detalle_estado` int(11) DEFAULT NULL,
  `costeo_id` int(11) DEFAULT NULL,
  `usuario_creacion` int(11) DEFAULT NULL,
  `fecha_creacion` datetime DEFAULT NULL,
  `usuario_modificacion` int(11) DEFAULT NULL,
  `fecha_modificacion` datetime DEFAULT NULL,
  `costeo_detalle_subtotal` decimal(12,5) DEFAULT NULL,
  `costeo_detalle_maquila` decimal(12,5) DEFAULT NULL,
  `costeo_detalle_sacos` decimal(12,5) DEFAULT NULL,
  `costeo_detalle_precio_unitario` decimal(12,5) DEFAULT NULL,
  `costeo_detalle_total` decimal(12,5) DEFAULT NULL,
  `costeo_detalle_fecha_tipo_cambio` date DEFAULT NULL,
  `costeo_detalle_tipo_cambio` decimal(12,5) DEFAULT NULL,
  `costeo_detalle_precio_flete_viaje` decimal(12,5) DEFAULT NULL,
  `costeo_detalle_cantidad_detalles` int(11) DEFAULT NULL,
  `costeo_detalle_dividir_entre` int(11) DEFAULT NULL,
  `costeo_detalle_factor_flete` decimal(12,5) DEFAULT NULL,
  PRIMARY KEY (`costeo_detalle_id`)
) ENGINE=InnoDB DEFAULT CHARSET=latin1;
/*!40101 SET character_set_client = @saved_cs_client */;

--
-- Dumping data for table `costeo_detalle`
--

LOCK TABLES `costeo_detalle` WRITE;
/*!40000 ALTER TABLE `costeo_detalle` DISABLE KEYS */;
INSERT INTO `costeo_detalle` VALUES (1,840.00000,13,0.00000,1,1,48,'2019-09-23 11:45:48',NULL,NULL,222.60000,25.20000,5.88000,302.00000,253.68000,NULL,NULL,NULL,NULL,NULL,1.00000),(2,4200.00000,14,0.00000,1,1,48,'2019-09-23 11:45:48',NULL,NULL,1113.00000,126.00000,29.40000,302.00000,1268.40000,NULL,NULL,NULL,NULL,NULL,1.00000),(3,16650.00000,15,0.00000,1,1,48,'2019-09-23 11:45:48',NULL,NULL,4412.25000,499.50000,116.55000,302.00000,5028.30000,NULL,NULL,NULL,NULL,NULL,1.00000),(4,5250.00000,16,0.00000,1,1,48,'2019-09-23 11:45:48',NULL,NULL,1391.25000,157.50000,36.75000,302.00000,1585.50000,NULL,NULL,NULL,NULL,NULL,1.00000),(5,5250.00000,17,0.00000,1,1,48,'2019-09-23 11:45:48',NULL,NULL,1391.25000,157.50000,36.75000,302.00000,1585.50000,NULL,NULL,NULL,NULL,NULL,1.00000),(6,840.00000,13,29.98501,-1,9,48,'2019-09-23 11:46:28',48,'2019-09-23 11:53:26',222.60000,25.20000,5.88000,337.69644,283.66501,NULL,NULL,NULL,NULL,NULL,1.00000),(7,4200.00000,14,29.98501,-1,9,48,'2019-09-23 11:47:15',48,'2019-09-23 11:53:26',1113.00000,126.00000,29.40000,309.13929,1298.38501,NULL,NULL,NULL,NULL,NULL,1.00000),(8,16650.00000,15,29.98501,-1,9,48,'2019-09-23 11:47:19',48,'2019-09-23 11:53:26',4412.25000,499.50000,116.55000,303.80090,5058.28501,NULL,NULL,NULL,NULL,NULL,1.00000),(9,5250.00000,17,29.98501,-1,9,48,'2019-09-23 11:47:27',48,'2019-09-23 11:53:26',1391.25000,157.50000,36.75000,307.71143,1615.48501,NULL,NULL,NULL,NULL,NULL,1.00000),(10,5250.00000,16,29.98501,-1,9,48,'2019-09-23 11:47:30',48,'2019-09-23 11:53:26',1391.25000,157.50000,36.75000,307.71143,1615.48501,NULL,NULL,NULL,NULL,NULL,1.00000),(11,840.00000,13,29.85075,-1,10,48,'2019-09-23 11:54:47',48,'2019-09-23 12:13:13',222.60000,25.20000,5.88000,337.53661,283.53075,NULL,NULL,NULL,NULL,NULL,1.00000),(12,4200.00000,14,29.85075,-1,10,48,'2019-09-23 11:54:47',48,'2019-09-23 12:13:13',1113.00000,126.00000,29.40000,309.10732,1298.25075,NULL,NULL,NULL,NULL,NULL,1.00000),(13,16650.00000,15,29.85075,-1,10,48,'2019-09-23 11:54:47',48,'2019-09-23 12:13:13',4412.25000,499.50000,116.55000,303.79284,5058.15075,NULL,NULL,NULL,NULL,NULL,1.00000),(14,5250.00000,16,29.85075,-1,10,48,'2019-09-23 11:54:47',48,'2019-09-23 12:13:13',1391.25000,157.50000,36.75000,307.68586,1615.35075,NULL,NULL,NULL,NULL,NULL,1.00000),(15,5250.00000,17,29.85075,-1,10,48,'2019-09-23 11:54:47',48,'2019-09-23 12:13:13',1391.25000,157.50000,36.75000,307.68586,1615.35075,NULL,NULL,NULL,NULL,NULL,1.00000),(16,840.00000,13,29.85075,-1,11,48,'2019-09-23 12:13:52',48,'2019-09-23 12:36:54',222.60000,25.20000,5.88000,337.53661,283.53075,NULL,NULL,NULL,NULL,NULL,1.00000),(17,4200.00000,14,29.85075,-1,11,48,'2019-09-23 12:13:52',48,'2019-09-23 12:36:54',1113.00000,126.00000,29.40000,309.10732,1298.25075,NULL,NULL,NULL,NULL,NULL,1.00000),(18,16650.00000,15,29.85075,-1,11,48,'2019-09-23 12:13:52',48,'2019-09-23 12:36:54',4412.25000,499.50000,116.55000,303.79284,5058.15075,NULL,NULL,NULL,NULL,NULL,1.00000),(19,5250.00000,16,29.85075,-1,11,48,'2019-09-23 12:13:52',48,'2019-09-23 12:36:54',1391.25000,157.50000,36.75000,307.68586,1615.35075,NULL,NULL,NULL,NULL,NULL,1.00000),(20,5250.00000,17,29.85075,-1,11,48,'2019-09-23 12:13:52',48,'2019-09-23 12:36:54',1391.25000,157.50000,36.75000,307.68586,1615.35075,NULL,NULL,NULL,NULL,NULL,1.00000),(21,840.00000,13,29.85075,-1,12,48,'2019-09-23 12:30:47',48,'2019-09-23 12:36:54',222.60000,25.20000,5.88000,337.53661,283.53075,NULL,NULL,NULL,NULL,NULL,1.00000),(22,4200.00000,14,29.85075,-1,12,48,'2019-09-23 12:30:47',48,'2019-09-23 12:36:54',1113.00000,126.00000,29.40000,309.10732,1298.25075,NULL,NULL,NULL,NULL,NULL,1.00000),(23,16650.00000,15,29.85075,-1,12,48,'2019-09-23 12:30:47',48,'2019-09-23 12:36:54',4412.25000,499.50000,116.55000,303.79284,5058.15075,NULL,NULL,NULL,NULL,NULL,1.00000),(24,5250.00000,16,29.85075,-1,12,48,'2019-09-23 12:30:47',48,'2019-09-23 12:36:54',1391.25000,157.50000,36.75000,307.68586,1615.35075,NULL,NULL,NULL,NULL,NULL,1.00000),(25,5250.00000,17,29.85075,-1,12,48,'2019-09-23 12:30:47',48,'2019-09-23 12:36:54',1391.25000,157.50000,36.75000,307.68586,1615.35075,NULL,NULL,NULL,NULL,NULL,1.00000),(26,840.00000,13,29.96704,-1,13,48,'2019-09-23 12:37:47',48,'2019-09-23 12:45:25',222.60000,25.20000,5.88000,337.67505,283.64704,NULL,NULL,NULL,NULL,NULL,1.00000),(27,4200.00000,14,29.96704,-1,13,48,'2019-09-23 12:37:47',48,'2019-09-23 12:45:25',1113.00000,126.00000,29.40000,309.13501,1298.36704,NULL,NULL,NULL,NULL,NULL,1.00000),(28,16650.00000,15,29.96704,-1,13,48,'2019-09-23 12:37:47',48,'2019-09-23 12:45:25',4412.25000,499.50000,116.55000,303.79982,5058.26704,NULL,NULL,NULL,NULL,NULL,1.00000),(29,5250.00000,16,29.96704,-1,13,48,'2019-09-23 12:37:47',48,'2019-09-23 12:45:25',1391.25000,157.50000,36.75000,307.70801,1615.46704,NULL,NULL,NULL,NULL,NULL,1.00000),(30,5250.00000,17,29.96704,-1,13,48,'2019-09-23 12:37:47',48,'2019-09-23 12:45:25',1391.25000,157.50000,36.75000,307.70801,1615.46704,NULL,NULL,NULL,NULL,NULL,1.00000),(31,840.00000,13,74.96252,-1,14,48,'2019-09-23 12:46:06',48,'2019-09-23 15:44:34',222.60000,25.20000,5.88000,391.24110,328.64252,NULL,NULL,NULL,NULL,NULL,1.00000),(32,4200.00000,14,74.96252,-1,14,48,'2019-09-23 12:46:06',48,'2019-09-23 15:44:34',1113.00000,126.00000,29.40000,319.84822,1343.36252,NULL,NULL,NULL,NULL,NULL,1.00000),(33,16650.00000,15,74.96252,-1,14,48,'2019-09-23 12:46:06',48,'2019-09-23 15:44:34',4412.25000,499.50000,116.55000,306.50225,5103.26252,NULL,NULL,NULL,NULL,NULL,1.00000),(34,5250.00000,16,37.48126,-1,14,48,'2019-09-23 12:46:06',48,'2019-09-23 15:44:34',1391.25000,157.50000,36.75000,316.27858,1660.46252,NULL,NULL,NULL,NULL,NULL,0.50000),(35,5250.00000,17,37.48126,-1,14,48,'2019-09-23 12:46:06',48,'2019-09-23 15:44:34',1391.25000,157.50000,36.75000,316.27858,1660.46252,NULL,NULL,NULL,NULL,NULL,0.50000);
/*!40000 ALTER TABLE `costeo_detalle` ENABLE KEYS */;
UNLOCK TABLES;

--
-- Table structure for table `empresa`
--

DROP TABLE IF EXISTS `empresa`;
/*!40101 SET @saved_cs_client     = @@character_set_client */;
/*!40101 SET character_set_client = utf8 */;
CREATE TABLE `empresa` (
  `empresa_id` int(11) NOT NULL DEFAULT '0',
  `empresa_ruc` varchar(11) DEFAULT NULL,
  `empresa_razon_social` varchar(250) DEFAULT NULL,
  `empresa_estado` int(11) DEFAULT NULL,
  `usuario_creacion` int(11) DEFAULT NULL,
  `fecha_creacion` datetime DEFAULT NULL,
  `usuario_modificacion` int(11) DEFAULT NULL,
  `fecha_modificacion` datetime DEFAULT NULL,
  PRIMARY KEY (`empresa_id`)
) ENGINE=InnoDB DEFAULT CHARSET=latin1;
/*!40101 SET character_set_client = @saved_cs_client */;

--
-- Dumping data for table `empresa`
--

LOCK TABLES `empresa` WRITE;
/*!40000 ALTER TABLE `empresa` DISABLE KEYS */;
INSERT INTO `empresa` VALUES (1,'20491358743','ROMA',1,NULL,NULL,NULL,NULL),(2,'20203252324','AVA',1,NULL,NULL,NULL,NULL);
/*!40000 ALTER TABLE `empresa` ENABLE KEYS */;
UNLOCK TABLES;

--
-- Table structure for table `envio`
--

DROP TABLE IF EXISTS `envio`;
/*!40101 SET @saved_cs_client     = @@character_set_client */;
/*!40101 SET character_set_client = utf8 */;
CREATE TABLE `envio` (
  `envio_id` int(11) NOT NULL,
  `envio_anio` int(11) DEFAULT NULL,
  `envio_semana` int(11) DEFAULT NULL,
  `envio_empresa_id` int(11) DEFAULT NULL,
  `envio_fecha_produccion` date DEFAULT NULL,
  `envio_ccg` decimal(12,5) DEFAULT NULL COMMENT 'CARB CALCIO GRANULADO',
  `envio_mmi` decimal(12,5) DEFAULT NULL COMMENT 'MAIZ MOLIDO INCUBADORA',
  `envio_viajes` decimal(12,5) DEFAULT NULL COMMENT 'VIAJES GRANELERO',
  `envio_observaciones` varchar(500) DEFAULT NULL,
  `envio_costeo_id` int(11) DEFAULT NULL,
  `envio_estado` int(11) DEFAULT NULL,
  `usuario_creacion` int(11) DEFAULT NULL,
  `fecha_creacion` datetime DEFAULT NULL,
  `usuario_modificacion` int(11) DEFAULT NULL,
  `fecha_modificacion` datetime DEFAULT NULL,
  PRIMARY KEY (`envio_id`)
) ENGINE=InnoDB DEFAULT CHARSET=latin1;
/*!40101 SET character_set_client = @saved_cs_client */;

--
-- Dumping data for table `envio`
--

LOCK TABLES `envio` WRITE;
/*!40000 ALTER TABLE `envio` DISABLE KEYS */;
INSERT INTO `envio` VALUES (1,2019,35,2,'2019-08-24',0.00000,0.00000,2.00000,'',5,-1,43,'2019-09-19 15:56:22',48,'2019-09-23 11:37:34'),(2,2019,38,2,'2019-09-16',240.00000,0.00000,1.00000,'',NULL,-1,48,'2019-09-20 12:05:49',48,'2019-09-20 12:09:29'),(3,2019,38,2,'2019-09-16',240.00000,0.00000,1.00000,'',NULL,-1,48,'2019-09-20 12:10:33',48,'2019-09-23 11:37:32'),(4,2019,39,2,'2019-09-16',250.00000,0.00000,1.00000,'',6,-1,48,'2019-09-20 12:16:42',48,'2019-09-23 11:37:29'),(5,2019,40,2,'2019-09-23',240.00000,0.00000,1.00000,'',7,-1,48,'2019-09-23 10:50:19',48,'2019-09-23 11:37:27'),(6,2019,35,2,'2019-08-26',240.00000,0.00000,1.00000,'',8,-1,48,'2019-09-23 11:37:49',48,'2019-09-23 11:45:16'),(7,2019,35,2,'2019-08-26',240.00000,0.00000,1.00000,'',9,-1,48,'2019-09-23 11:45:30',48,'2019-09-23 11:53:26'),(8,2019,35,2,'2019-09-23',0.00000,0.00000,1.00000,'',10,-1,48,'2019-09-23 11:54:32',48,'2019-09-23 12:13:13'),(9,2019,35,2,'2019-09-23',240.00000,0.00000,0.00000,'',12,-1,48,'2019-09-23 12:13:36',48,'2019-09-23 12:36:54'),(10,2019,35,2,'2019-08-26',240.00000,0.00000,0.00000,'',13,-1,48,'2019-09-23 12:37:09',48,'2019-09-23 12:45:25'),(11,2019,35,2,'2019-09-23',240.00000,0.00000,2.00000,'',14,-1,48,'2019-09-23 12:45:44',48,'2019-09-23 15:44:34'),(12,2019,35,2,'2019-09-23',0.00000,0.00000,0.00000,'',NULL,-1,48,'2019-09-23 15:44:52',48,'2019-09-23 15:46:09'),(13,2019,35,2,'2019-09-23',0.00000,0.00000,0.00000,'',NULL,1,48,'2019-09-23 15:46:19',NULL,NULL);
/*!40000 ALTER TABLE `envio` ENABLE KEYS */;
UNLOCK TABLES;

--
-- Table structure for table `envio_adjunto`
--

DROP TABLE IF EXISTS `envio_adjunto`;
/*!40101 SET @saved_cs_client     = @@character_set_client */;
/*!40101 SET character_set_client = utf8 */;
CREATE TABLE `envio_adjunto` (
  `envio_adjunto_id` int(11) NOT NULL DEFAULT '0',
  `envio_adjunto_nombre` varchar(500) DEFAULT NULL,
  `envio_adjunto_nombre_server` varchar(500) DEFAULT NULL,
  `envio_adjunto_tipo` varchar(20) DEFAULT NULL,
  `envio_adjunto_extension` varchar(5) DEFAULT NULL,
  `envio_adjunto_estado` int(11) DEFAULT NULL,
  `envio_id` int(11) DEFAULT NULL,
  `usuario_creacion` int(11) DEFAULT NULL,
  `fecha_creacion` datetime DEFAULT NULL,
  `usuario_modificacion` int(11) DEFAULT NULL,
  `fecha_modificacion` datetime DEFAULT NULL,
  PRIMARY KEY (`envio_adjunto_id`)
) ENGINE=InnoDB DEFAULT CHARSET=latin1;
/*!40101 SET character_set_client = @saved_cs_client */;

--
-- Dumping data for table `envio_adjunto`
--

LOCK TABLES `envio_adjunto` WRITE;
/*!40000 ALTER TABLE `envio_adjunto` DISABLE KEYS */;
INSERT INTO `envio_adjunto` VALUES (1,'D.PNG','ENVIO_ADJUNTO_20190925123732-25193EF4A2A84112901A9B1D11BF7509.PNG','IMAGE/PNG','PNG',-1,13,48,'2019-09-25 12:37:33',48,'2019-09-25 12:39:58');
/*!40000 ALTER TABLE `envio_adjunto` ENABLE KEYS */;
UNLOCK TABLES;

--
-- Table structure for table `envio_detalle`
--

DROP TABLE IF EXISTS `envio_detalle`;
/*!40101 SET @saved_cs_client     = @@character_set_client */;
/*!40101 SET character_set_client = utf8 */;
CREATE TABLE `envio_detalle` (
  `envio_detalle_id` int(11) NOT NULL,
  `envio_detalle_formula_id` int(11) DEFAULT NULL,
  `envio_id` int(11) DEFAULT NULL,
  `envio_detalle_estado` int(11) DEFAULT NULL,
  `usuario_creacion` int(11) DEFAULT NULL,
  `fecha_creacion` datetime DEFAULT NULL,
  `usuario_modificacion` int(11) DEFAULT NULL,
  `fecha_modificacion` datetime DEFAULT NULL,
  PRIMARY KEY (`envio_detalle_id`)
) ENGINE=InnoDB DEFAULT CHARSET=latin1;
/*!40101 SET character_set_client = @saved_cs_client */;

--
-- Dumping data for table `envio_detalle`
--

LOCK TABLES `envio_detalle` WRITE;
/*!40000 ALTER TABLE `envio_detalle` DISABLE KEYS */;
INSERT INTO `envio_detalle` VALUES (1,13,1,-1,43,'2019-09-19 15:56:23',48,'2019-09-23 11:37:34'),(2,14,1,-1,43,'2019-09-19 15:56:23',48,'2019-09-23 11:37:34'),(3,15,1,-1,43,'2019-09-19 15:56:23',48,'2019-09-23 11:37:34'),(4,16,1,-1,43,'2019-09-19 15:56:23',48,'2019-09-23 11:37:34'),(5,17,1,-1,43,'2019-09-19 15:56:23',48,'2019-09-23 11:37:34'),(6,18,2,-1,48,'2019-09-20 12:05:49',48,'2019-09-20 12:09:29'),(7,18,3,-1,48,'2019-09-20 12:10:33',48,'2019-09-23 11:37:32'),(8,19,4,-1,48,'2019-09-20 12:16:42',48,'2019-09-23 11:37:29'),(9,22,5,-1,48,'2019-09-23 10:50:19',48,'2019-09-23 11:37:27'),(10,13,6,-1,48,'2019-09-23 11:37:49',48,'2019-09-23 11:45:16'),(11,14,6,-1,48,'2019-09-23 11:37:49',48,'2019-09-23 11:45:16'),(12,15,6,-1,48,'2019-09-23 11:37:49',48,'2019-09-23 11:45:16'),(13,16,6,-1,48,'2019-09-23 11:37:49',48,'2019-09-23 11:45:16'),(14,17,6,-1,48,'2019-09-23 11:37:49',48,'2019-09-23 11:45:16'),(15,13,7,-1,48,'2019-09-23 11:45:30',48,'2019-09-23 11:53:26'),(16,14,7,-1,48,'2019-09-23 11:45:30',48,'2019-09-23 11:53:26'),(17,15,7,-1,48,'2019-09-23 11:45:30',48,'2019-09-23 11:53:26'),(18,16,7,-1,48,'2019-09-23 11:45:30',48,'2019-09-23 11:53:26'),(19,17,7,-1,48,'2019-09-23 11:45:30',48,'2019-09-23 11:53:26'),(20,13,8,-1,48,'2019-09-23 11:54:32',48,'2019-09-23 12:13:13'),(21,14,8,-1,48,'2019-09-23 11:54:32',48,'2019-09-23 12:13:13'),(22,15,8,-1,48,'2019-09-23 11:54:32',48,'2019-09-23 12:13:13'),(23,16,8,-1,48,'2019-09-23 11:54:32',48,'2019-09-23 12:13:13'),(24,17,8,-1,48,'2019-09-23 11:54:32',48,'2019-09-23 12:13:13'),(25,13,9,-1,48,'2019-09-23 12:13:36',48,'2019-09-23 12:36:54'),(26,14,9,-1,48,'2019-09-23 12:13:36',48,'2019-09-23 12:36:54'),(27,15,9,-1,48,'2019-09-23 12:13:36',48,'2019-09-23 12:36:54'),(28,16,9,-1,48,'2019-09-23 12:13:36',48,'2019-09-23 12:36:54'),(29,17,9,-1,48,'2019-09-23 12:13:36',48,'2019-09-23 12:36:54'),(30,13,10,-1,48,'2019-09-23 12:37:09',48,'2019-09-23 12:45:25'),(31,14,10,-1,48,'2019-09-23 12:37:09',48,'2019-09-23 12:45:25'),(32,15,10,-1,48,'2019-09-23 12:37:09',48,'2019-09-23 12:45:25'),(33,16,10,-1,48,'2019-09-23 12:37:09',48,'2019-09-23 12:45:25'),(34,17,10,-1,48,'2019-09-23 12:37:09',48,'2019-09-23 12:45:25'),(35,13,11,-1,48,'2019-09-23 12:45:44',48,'2019-09-23 15:44:34'),(36,14,11,-1,48,'2019-09-23 12:45:44',48,'2019-09-23 15:44:34'),(37,15,11,-1,48,'2019-09-23 12:45:44',48,'2019-09-23 15:44:34'),(38,16,11,-1,48,'2019-09-23 12:45:44',48,'2019-09-23 15:44:34'),(39,17,11,-1,48,'2019-09-23 12:45:44',48,'2019-09-23 15:44:34'),(40,13,12,-1,48,'2019-09-23 15:44:52',48,'2019-09-23 15:46:09'),(41,14,12,-1,48,'2019-09-23 15:44:52',48,'2019-09-23 15:46:09'),(42,15,12,-1,48,'2019-09-23 15:44:52',48,'2019-09-23 15:46:09'),(43,16,12,-1,48,'2019-09-23 15:44:52',48,'2019-09-23 15:46:09'),(44,17,12,-1,48,'2019-09-23 15:44:52',48,'2019-09-23 15:46:09'),(45,13,13,1,48,'2019-09-23 15:46:19',NULL,NULL),(46,14,13,1,48,'2019-09-23 15:46:19',NULL,NULL),(47,15,13,1,48,'2019-09-23 15:46:19',NULL,NULL),(48,16,13,1,48,'2019-09-23 15:46:19',NULL,NULL),(49,17,13,1,48,'2019-09-23 15:46:19',NULL,NULL);
/*!40000 ALTER TABLE `envio_detalle` ENABLE KEYS */;
UNLOCK TABLES;

--
-- Table structure for table `formula`
--

DROP TABLE IF EXISTS `formula`;
/*!40101 SET @saved_cs_client     = @@character_set_client */;
/*!40101 SET character_set_client = utf8 */;
CREATE TABLE `formula` (
  `formula_id` int(11) NOT NULL DEFAULT '0',
  `formula_codigo` varchar(50) DEFAULT NULL,
  `formula_etapa` varchar(50) DEFAULT NULL,
  `formula_descripcion` varchar(250) DEFAULT NULL,
  `formula_empresa_id` int(11) DEFAULT NULL,
  `formula_cantidad` decimal(12,5) DEFAULT NULL,
  `formula_observaciones` varchar(250) DEFAULT NULL,
  `formula_parent_id` int(11) DEFAULT NULL,
  `formula_semana` int(11) DEFAULT NULL,
  `formula_anio` int(11) DEFAULT NULL,
  `formula_tipo` varchar(1) DEFAULT NULL,
  `formula_cantidad_producida` decimal(12,5) DEFAULT '0.00000',
  `formula_estado` int(11) DEFAULT NULL,
  `usuario_creacion` int(11) DEFAULT NULL,
  `fecha_creacion` datetime DEFAULT NULL,
  `usuario_modificacion` int(11) DEFAULT NULL,
  `fecha_modificacion` datetime DEFAULT NULL,
  PRIMARY KEY (`formula_id`)
) ENGINE=InnoDB DEFAULT CHARSET=latin1;
/*!40101 SET character_set_client = @saved_cs_client */;

--
-- Dumping data for table `formula`
--

LOCK TABLES `formula` WRITE;
/*!40000 ALTER TABLE `formula` DISABLE KEYS */;
INSERT INTO `formula` VALUES (1,'PTEABA040001',NULL,'POSTURA I 103G',1,0.00000,NULL,NULL,NULL,NULL,'P',0.00000,1,0,'2019-09-19 15:49:03',NULL,NULL),(2,'PTEABA040002',NULL,'POSTURA I 100G',1,0.00000,NULL,NULL,NULL,NULL,'P',0.00000,1,0,'2019-09-19 15:49:03',NULL,NULL),(3,'PTEABA030003',NULL,'PRE-POSTURA',1,0.00000,NULL,NULL,NULL,NULL,'P',0.00000,1,0,'2019-09-19 15:49:03',NULL,NULL),(4,'PTEABA030002',NULL,'CRECIMIENTO',1,0.00000,NULL,NULL,NULL,NULL,'P',0.00000,1,0,'2019-09-19 15:49:03',NULL,NULL),(5,'PTEABA030001',NULL,'PRE INICIO',1,0.00000,NULL,NULL,NULL,NULL,'P',0.00000,1,0,'2019-09-19 15:49:03',NULL,NULL),(6,'PTEABA040003',NULL,'POSTURA II',1,0.00000,NULL,NULL,NULL,NULL,'P',0.00000,1,0,'2019-09-19 15:49:03',NULL,NULL),(7,'PTEABA040001',NULL,'POSTURA I 103G',2,0.00000,NULL,NULL,NULL,NULL,'P',0.00000,1,0,'2019-09-19 15:49:03',NULL,NULL),(8,'PTEABA040002',NULL,'POSTURA I 100G',2,0.00000,NULL,NULL,NULL,NULL,'P',0.00000,1,0,'2019-09-19 15:49:03',NULL,NULL),(9,'PTEABA030003',NULL,'PRE-POSTURA',2,0.00000,NULL,NULL,NULL,NULL,'P',0.00000,1,0,'2019-09-19 15:49:03',NULL,NULL),(10,'PTEABA030002',NULL,'CRECIMIENTO',2,0.00000,NULL,NULL,NULL,NULL,'P',0.00000,1,0,'2019-09-19 15:49:03',NULL,NULL),(11,'PTEABA030001',NULL,'PRE INICIO',2,0.00000,NULL,NULL,NULL,NULL,'P',0.00000,1,0,'2019-09-19 15:49:03',NULL,NULL),(12,'PTEABA040003',NULL,'POSTURA II',2,0.00000,NULL,NULL,NULL,NULL,'P',0.00000,1,0,'2019-09-19 15:49:03',NULL,NULL),(13,'PTEABA030001',NULL,'PRE INICIO',2,0.00000,'',11,35,2019,'F',840.00000,1,43,'2019-09-19 15:51:26',48,'2019-09-23 15:46:09'),(14,'PTEABA030002',NULL,'CRECIMIENTO',2,0.00000,'',10,35,2019,'F',4200.00000,1,43,'2019-09-19 15:51:44',48,'2019-09-23 15:46:09'),(15,'PTEABA040002',NULL,'POSTURA I 100G G/A/D',2,0.00000,'',8,35,2019,'F',16650.00000,1,43,'2019-09-19 15:53:50',48,'2019-09-23 15:46:09'),(16,'PTEABA040003',NULL,'POSTURA II L - 110 100 G/A/D',2,0.00000,'',12,35,2019,'F',5250.00000,1,43,'2019-09-19 15:54:46',48,'2019-09-23 15:46:09'),(17,'PTEABA040003',NULL,'POSTURA II L - 109 100 G/A/D',2,0.00000,'',12,35,2019,'F',5250.00000,1,43,'2019-09-19 15:55:01',48,'2019-09-23 15:46:09'),(18,'PTEABA030003',NULL,'PRE-POSTURA',2,0.00000,'',9,38,2019,'F',3500.00000,1,48,'2019-09-20 12:04:58',48,'2019-09-23 11:37:32'),(19,'PTEABA030001',NULL,'PRE INICIO',2,0.00000,'',11,39,2019,'F',5000.00000,1,48,'2019-09-20 12:14:28',48,'2019-09-23 11:37:29'),(20,'PTEABA030003',NULL,'PRE-POSTURA',2,0.00000,'',18,39,2019,'F',0.00000,1,48,'2019-09-23 09:31:24',NULL,NULL),(21,'PTEABA030002',NULL,'CRECIMIENTO',2,0.00000,'',14,39,2019,'F',0.00000,1,48,'2019-09-23 09:54:47',NULL,NULL),(22,'PTEABA030001',NULL,'PRE INICIO',2,0.00000,'',19,40,2019,'F',0.00000,1,48,'2019-09-23 10:06:42',48,'2019-09-23 11:37:27');
/*!40000 ALTER TABLE `formula` ENABLE KEYS */;
UNLOCK TABLES;

--
-- Table structure for table `formula_detalle`
--

DROP TABLE IF EXISTS `formula_detalle`;
/*!40101 SET @saved_cs_client     = @@character_set_client */;
/*!40101 SET character_set_client = utf8 */;
CREATE TABLE `formula_detalle` (
  `formula_detalle_id` int(11) NOT NULL DEFAULT '0',
  `formula_detalle_secuencia` int(11) DEFAULT NULL,
  `formula_detalle_articulo_id` int(11) DEFAULT NULL,
  `formula_detalle_cantidad` decimal(12,5) DEFAULT NULL,
  `formula_detalle_precio` decimal(12,5) DEFAULT NULL,
  `formula_detalle_flete` decimal(12,5) DEFAULT NULL,
  `formula_detalle_observaciones` varchar(250) DEFAULT NULL,
  `formula_id` int(11) DEFAULT NULL,
  `formula_detalle_estado` int(11) DEFAULT NULL,
  `usuario_creacion` int(11) DEFAULT NULL,
  `fecha_creacion` datetime DEFAULT NULL,
  `usuario_modificacion` int(11) DEFAULT NULL,
  `fecha_modificacion` datetime DEFAULT NULL,
  PRIMARY KEY (`formula_detalle_id`)
) ENGINE=InnoDB DEFAULT CHARSET=latin1;
/*!40101 SET character_set_client = @saved_cs_client */;

--
-- Dumping data for table `formula_detalle`
--

LOCK TABLES `formula_detalle` WRITE;
/*!40000 ALTER TABLE `formula_detalle` DISABLE KEYS */;
INSERT INTO `formula_detalle` VALUES (1,NULL,589,900.00000,555.00000,15.00000,'',11,1,43,'2019-09-19 15:49:46',48,'2019-09-25 16:32:55'),(2,NULL,589,1000.00000,555.00000,15.00000,'',10,1,43,'2019-09-19 15:50:03',48,'2019-09-25 16:32:55'),(3,NULL,589,1000.00000,555.00000,15.00000,'',9,1,43,'2019-09-19 15:50:18',48,'2019-09-25 16:32:55'),(4,NULL,589,1000.00000,555.00000,15.00000,'',7,1,43,'2019-09-19 15:50:37',48,'2019-09-25 16:32:55'),(5,NULL,589,1000.00000,555.00000,15.00000,'',8,1,43,'2019-09-19 15:50:49',48,'2019-09-25 16:32:55'),(6,NULL,589,1000.00000,555.00000,15.00000,'',12,1,43,'2019-09-19 15:50:57',48,'2019-09-25 16:32:55'),(7,NULL,589,1000.00000,555.00000,15.00000,'',13,1,43,'2019-09-19 15:51:26',48,'2019-09-25 16:32:55'),(8,NULL,589,1000.00000,555.00000,15.00000,'',14,1,43,'2019-09-19 15:51:44',48,'2019-09-25 16:32:55'),(9,NULL,589,1000.00000,555.00000,15.00000,'',15,1,43,'2019-09-19 15:53:50',48,'2019-09-25 16:32:55'),(10,NULL,589,1000.00000,555.00000,15.00000,'',16,1,43,'2019-09-19 15:54:46',48,'2019-09-25 16:32:55'),(11,NULL,589,1000.00000,555.00000,15.00000,'',17,1,43,'2019-09-19 15:55:01',48,'2019-09-25 16:32:55'),(12,NULL,589,1000.00000,555.00000,15.00000,'',18,1,48,'2019-09-20 12:04:58',48,'2019-09-25 16:32:55'),(13,NULL,598,100.00000,250.00000,15.00000,'',11,1,48,'2019-09-20 12:13:22',48,'2019-09-23 10:52:56'),(14,NULL,589,897.00000,777.00000,15.00000,'',19,1,48,'2019-09-20 12:14:28',48,'2019-09-25 16:34:19'),(15,NULL,598,100.00000,600.00000,15.00000,'',19,1,48,'2019-09-20 12:14:28',48,'2019-09-25 16:24:40'),(16,NULL,618,3.00000,250.00000,15.00000,'',19,1,48,'2019-09-20 12:15:12',48,'2019-09-23 10:52:56'),(17,NULL,589,999.00000,777.00000,15.00000,'',20,1,48,'2019-09-23 09:31:24',48,'2019-09-25 16:34:19'),(18,NULL,589,900.00000,777.00000,15.00000,'',21,1,48,'2019-09-23 09:54:48',48,'2019-09-25 16:34:19'),(19,NULL,598,100.00000,3000.00000,15.00000,'',22,1,48,'2019-09-23 10:06:42',48,'2019-09-25 16:24:08'),(20,NULL,618,3.00000,5000.00000,15.00000,'',22,1,48,'2019-09-23 10:06:42',48,'2019-09-25 16:23:15'),(21,NULL,589,897.00000,555.00000,15.00000,'',22,1,48,'2019-09-23 10:06:42',48,'2019-09-25 16:32:55'),(22,NULL,732,100.00000,0.00000,0.00000,'',21,1,48,'2019-09-25 16:26:20',NULL,NULL),(23,NULL,734,1.00000,0.00000,0.00000,'',20,1,48,'2019-09-25 16:29:59',NULL,NULL);
/*!40000 ALTER TABLE `formula_detalle` ENABLE KEYS */;
UNLOCK TABLES;

--
-- Table structure for table `precio`
--

DROP TABLE IF EXISTS `precio`;
/*!40101 SET @saved_cs_client     = @@character_set_client */;
/*!40101 SET character_set_client = utf8 */;
CREATE TABLE `precio` (
  `precio_id` int(11) NOT NULL DEFAULT '0',
  `precio_anio` int(11) DEFAULT NULL,
  `precio_semana` int(11) DEFAULT NULL,
  `precio_articulo_id` int(11) DEFAULT NULL,
  `precio_valor` decimal(12,5) DEFAULT NULL,
  `precio_flete_valor` decimal(12,5) DEFAULT NULL,
  `precio_actual` bit(1) DEFAULT NULL,
  `precio_estado` int(11) DEFAULT NULL,
  `usuario_creacion` int(11) DEFAULT NULL,
  `fecha_creacion` datetime DEFAULT NULL,
  `usuario_modificacion` int(11) DEFAULT NULL,
  `fecha_modificacion` datetime DEFAULT NULL,
  PRIMARY KEY (`precio_id`)
) ENGINE=InnoDB DEFAULT CHARSET=latin1;
/*!40101 SET character_set_client = @saved_cs_client */;

--
-- Dumping data for table `precio`
--

LOCK TABLES `precio` WRITE;
/*!40000 ALTER TABLE `precio` DISABLE KEYS */;
INSERT INTO `precio` VALUES (1,NULL,NULL,589,360.00000,15.00000,'\0',1,43,'2019-09-02 11:41:39',NULL,NULL),(2,NULL,NULL,589,350.00000,15.00000,'\0',1,43,'2019-09-02 11:45:36',NULL,NULL),(3,NULL,NULL,592,460.00000,15.00000,'\0',1,43,'2019-09-02 11:52:09',NULL,NULL),(4,NULL,NULL,663,870.00000,15.00000,'',1,43,'2019-09-02 11:52:46',NULL,NULL),(5,NULL,NULL,608,57.00000,15.00000,'\0',1,43,'2019-09-02 11:54:52',NULL,NULL),(6,NULL,NULL,595,218.00000,15.00000,'\0',1,43,'2019-09-02 11:57:09',NULL,NULL),(7,NULL,NULL,678,1310.00000,15.00000,'',1,43,'2019-09-05 09:11:28',NULL,NULL),(8,NULL,NULL,590,350.00000,15.00000,'',1,43,'2019-09-06 11:23:27',NULL,NULL),(9,NULL,NULL,589,245.00000,15.00000,'\0',1,43,'2019-09-11 11:12:06',NULL,NULL),(10,NULL,NULL,597,1400.00000,15.00000,'',1,43,'2019-09-12 09:22:55',NULL,NULL),(11,NULL,NULL,596,300.00000,15.00000,'',1,43,'2019-09-12 09:23:15',NULL,NULL),(12,NULL,NULL,592,490.00000,15.00000,'',1,43,'2019-09-12 09:23:31',NULL,NULL),(13,NULL,NULL,591,565.00000,15.00000,'',1,43,'2019-09-12 09:23:58',NULL,NULL),(14,NULL,NULL,595,220.00000,15.00000,'\0',1,43,'2019-09-12 09:24:16',NULL,NULL),(15,NULL,NULL,600,60.00000,15.00000,'',1,43,'2019-09-12 09:25:20',NULL,NULL),(16,NULL,NULL,599,60.00000,15.00000,'',1,43,'2019-09-12 09:25:30',NULL,NULL),(17,NULL,NULL,608,85.00000,15.00000,'',1,43,'2019-09-12 09:25:51',NULL,NULL),(18,NULL,NULL,603,830.00000,15.00000,'',1,43,'2019-09-12 09:26:10',NULL,NULL),(19,NULL,NULL,618,5250.00000,15.00000,'\0',1,43,'2019-09-12 09:26:34',NULL,NULL),(20,NULL,NULL,620,2450.00000,0.00000,'\0',1,43,'2019-09-12 09:26:58',NULL,NULL),(21,NULL,NULL,619,3300.00000,15.00000,'',1,43,'2019-09-12 09:27:23',NULL,NULL),(22,NULL,NULL,621,38000.00000,15.00000,'',1,43,'2019-09-12 09:27:42',NULL,NULL),(23,NULL,NULL,632,11500.00000,15.00000,'',1,43,'2019-09-12 09:28:29',NULL,NULL),(24,NULL,NULL,9099,12000.00000,15.00000,'',1,43,'2019-09-12 09:28:41',NULL,NULL),(25,NULL,NULL,614,1350.00000,15.00000,'',1,43,'2019-09-12 09:29:04',NULL,NULL),(26,NULL,NULL,633,5079.60000,15.00000,'',1,43,'2019-09-12 09:29:38',NULL,NULL),(27,NULL,NULL,625,5950.00000,15.00000,'',1,43,'2019-09-12 09:29:57',NULL,NULL),(28,NULL,NULL,617,1900.00000,15.00000,'',1,43,'2019-09-12 09:30:15',NULL,NULL),(29,NULL,NULL,669,5600.00000,15.00000,'\0',1,43,'2019-09-12 09:32:15',NULL,NULL),(30,NULL,NULL,607,500.00000,15.00000,'',1,43,'2019-09-12 09:32:40',NULL,NULL),(31,NULL,NULL,598,4000.00000,15.00000,'\0',1,43,'2019-09-12 09:32:53',NULL,NULL),(32,NULL,NULL,610,31250.00000,15.00000,'',1,43,'2019-09-12 09:35:47',NULL,NULL),(33,NULL,NULL,640,4000.00000,15.00000,'',1,43,'2019-09-12 09:36:00',NULL,NULL),(34,NULL,NULL,612,6750.00000,15.00000,'',1,43,'2019-09-12 09:37:22',NULL,NULL),(35,NULL,NULL,679,9550.00000,15.00000,'',1,43,'2019-09-12 09:37:52',NULL,NULL),(36,NULL,NULL,611,5000.00000,15.00000,'',1,43,'2019-09-12 09:38:14',NULL,NULL),(37,NULL,NULL,626,3379.00000,15.00000,'',1,43,'2019-09-12 09:38:35',NULL,NULL),(38,NULL,NULL,593,150.00000,15.00000,'',1,43,'2019-09-12 09:38:50',NULL,NULL),(39,NULL,NULL,634,10040.00000,15.00000,'',1,43,'2019-09-12 09:39:09',NULL,NULL),(40,NULL,NULL,604,650.00000,15.00000,'',1,43,'2019-09-12 09:39:21',NULL,NULL),(41,NULL,NULL,674,3200.00000,15.00000,'\0',1,43,'2019-09-12 09:39:33',NULL,NULL),(42,NULL,NULL,6942,2851.00000,15.00000,'',1,43,'2019-09-12 09:41:06',NULL,NULL),(43,NULL,NULL,6943,3559.00000,15.00000,'',1,43,'2019-09-12 09:41:22',NULL,NULL),(44,NULL,NULL,6987,4100.50000,15.00000,'',1,43,'2019-09-12 09:41:39',NULL,NULL),(45,NULL,NULL,6944,3469.00000,15.00000,'',1,43,'2019-09-12 09:42:18',NULL,NULL),(46,NULL,NULL,6945,3381.00000,15.00000,'',1,43,'2019-09-12 09:42:34',NULL,NULL),(47,NULL,NULL,6946,4150.00000,15.00000,'',1,43,'2019-09-12 09:42:43',NULL,NULL),(48,NULL,NULL,616,4150.00000,15.00000,'',1,43,'2019-09-12 09:43:00',NULL,NULL),(49,NULL,NULL,6558,6200.00000,15.00000,'',1,43,'2019-09-12 09:43:17',NULL,NULL),(50,NULL,NULL,665,5600.00000,15.00000,'',1,43,'2019-09-12 09:45:03',NULL,NULL),(51,NULL,NULL,669,5370.00000,15.00000,'',1,43,'2019-09-12 09:45:18',NULL,NULL),(52,NULL,NULL,670,36100.00000,15.00000,'',1,43,'2019-09-12 09:45:33',NULL,NULL),(53,NULL,NULL,6947,1430.00000,15.00000,'',1,43,'2019-09-12 09:45:53',NULL,NULL),(54,NULL,NULL,660,12201.20000,15.00000,'\0',1,43,'2019-09-12 09:46:57',NULL,NULL),(55,NULL,NULL,639,59000.00000,15.00000,'',1,43,'2019-09-12 09:47:12',NULL,NULL),(56,NULL,NULL,8406,16579.00000,15.00000,'\0',1,43,'2019-09-12 09:47:36',NULL,NULL),(57,NULL,NULL,8494,497.96000,15.00000,'',1,43,'2019-09-12 09:48:05',NULL,NULL),(58,NULL,NULL,8491,637.20000,15.00000,'',1,43,'2019-09-12 09:49:02',NULL,NULL),(59,NULL,NULL,8495,25960.00000,15.00000,'\0',1,43,'2019-09-12 09:49:24',NULL,NULL),(60,NULL,NULL,664,23745.14000,15.00000,'',1,43,'2019-09-12 09:50:10',NULL,NULL),(61,NULL,NULL,675,14000.00000,15.00000,'\0',1,43,'2019-09-12 12:21:54',NULL,NULL),(62,NULL,NULL,675,1400.00000,15.00000,'',1,43,'2019-09-12 12:22:51',NULL,NULL),(63,NULL,NULL,682,6000.00000,15.00000,'',1,43,'2019-09-12 12:23:54',NULL,NULL),(64,NULL,NULL,8496,3964.80000,15.00000,'\0',1,43,'2019-09-12 12:25:18',NULL,NULL),(65,NULL,NULL,635,8000.00000,15.00000,'',1,43,'2019-09-12 12:25:58',NULL,NULL),(66,NULL,NULL,605,637.20000,15.00000,'\0',1,43,'2019-09-12 12:27:59',NULL,NULL),(67,NULL,NULL,620,2450.00000,15.00000,'',1,43,'2019-09-12 12:30:56',NULL,NULL),(68,NULL,NULL,674,3600.00000,15.00000,'',1,43,'2019-09-12 12:34:37',NULL,NULL),(69,NULL,NULL,671,42598.00000,15.00000,'',1,43,'2019-09-12 12:36:54',NULL,NULL),(70,NULL,NULL,8496,637.20000,15.00000,'',1,43,'2019-09-12 13:01:56',NULL,NULL),(71,NULL,NULL,8495,3964.80000,15.00000,'',1,43,'2019-09-12 13:03:17',NULL,NULL),(72,NULL,NULL,660,6608.00000,15.00000,'',1,43,'2019-09-12 13:06:11',NULL,NULL),(73,NULL,NULL,8406,0.00000,15.00000,'',1,43,'2019-09-12 14:13:41',NULL,NULL),(74,NULL,NULL,605,0.00000,15.00000,'',1,43,'2019-09-12 14:30:35',NULL,NULL),(75,NULL,NULL,646,38000.00000,15.00000,'',1,43,'2019-09-16 11:13:11',NULL,NULL),(76,NULL,NULL,598,5000.00000,15.00000,'\0',1,43,'2019-09-16 12:42:37',NULL,NULL),(77,NULL,NULL,598,4000.00000,15.00000,'\0',1,43,'2019-09-16 16:24:02',NULL,NULL),(78,NULL,NULL,598,3000.00000,15.00000,'\0',1,43,'2019-09-17 14:33:23',NULL,NULL),(79,NULL,NULL,598,4000.00000,15.00000,'\0',1,43,'2019-09-17 14:33:53',NULL,NULL),(80,NULL,NULL,618,5300.00000,15.00000,'',1,48,'2019-09-20 12:19:17',NULL,NULL),(81,NULL,NULL,589,250.00000,15.00000,'\0',1,48,'2019-09-23 09:52:43',NULL,NULL),(82,NULL,NULL,589,245.00000,15.00000,'\0',1,48,'2019-09-23 09:58:16',NULL,NULL),(83,NULL,NULL,589,250.00000,15.00000,'\0',1,48,'2019-09-23 09:58:57',NULL,NULL),(84,NULL,NULL,589,240.00000,15.00000,'\0',1,48,'2019-09-23 10:03:55',NULL,NULL),(85,NULL,NULL,595,240.00000,15.00000,'',1,48,'2019-09-23 10:25:18',NULL,NULL),(86,NULL,NULL,589,250.00000,15.00000,'\0',1,48,'2019-09-23 10:52:56',NULL,NULL),(87,NULL,NULL,589,240.00000,15.00000,'\0',1,48,'2019-09-23 10:57:41',NULL,NULL),(88,NULL,NULL,589,250.00000,15.00000,'\0',1,48,'2019-09-23 10:58:04',NULL,NULL),(89,NULL,NULL,589,255.00000,15.00000,'\0',1,48,'2019-09-23 10:58:18',NULL,NULL),(90,NULL,NULL,598,5000.00000,15.00000,'\0',1,48,'2019-09-25 16:23:15',NULL,NULL),(91,NULL,NULL,598,3000.00000,15.00000,'\0',1,48,'2019-09-25 16:24:08',NULL,NULL),(92,NULL,NULL,598,600.00000,15.00000,'',1,48,'2019-09-25 16:24:40',NULL,NULL),(93,NULL,NULL,589,600.00000,15.00000,'\0',1,48,'2019-09-25 16:26:00',NULL,NULL),(94,NULL,NULL,589,500.00000,15.00000,'\0',1,48,'2019-09-25 16:26:34',NULL,NULL),(95,NULL,NULL,589,900.00000,15.00000,'\0',1,48,'2019-09-25 16:30:20',NULL,NULL),(96,NULL,NULL,589,555.00000,15.00000,'\0',1,48,'2019-09-25 16:32:55',NULL,NULL),(97,NULL,NULL,589,777.00000,15.00000,'',1,48,'2019-09-25 16:34:19',NULL,NULL);
/*!40000 ALTER TABLE `precio` ENABLE KEYS */;
UNLOCK TABLES;

--
-- Temporary table structure for view `vw_articulo`
--

DROP TABLE IF EXISTS `vw_articulo`;
/*!50001 DROP VIEW IF EXISTS `vw_articulo`*/;
SET @saved_cs_client     = @@character_set_client;
SET character_set_client = utf8;
/*!50001 CREATE VIEW `vw_articulo` AS SELECT 
 1 AS `articulo_id`,
 1 AS `subfamilia_id`,
 1 AS `articulo_codigo`,
 1 AS `articulo_descripcion`,
 1 AS `unidadmedida_id`,
 1 AS `articulo_codigo2`,
 1 AS `articulo_descripcion2`,
 1 AS `unidadmedida_id_2`,
 1 AS `articulo_sujetodetraccion`,
 1 AS `articulo_porcentajedetraccion`,
 1 AS `articulo_codigodetraccion`,
 1 AS `articulo_observacion`*/;
SET character_set_client = @saved_cs_client;

--
-- Temporary table structure for view `vw_familia`
--

DROP TABLE IF EXISTS `vw_familia`;
/*!50001 DROP VIEW IF EXISTS `vw_familia`*/;
SET @saved_cs_client     = @@character_set_client;
SET character_set_client = utf8;
/*!50001 CREATE VIEW `vw_familia` AS SELECT 
 1 AS `familia_id`,
 1 AS `linea_id`,
 1 AS `familia_codigo`,
 1 AS `familia_descripcion`*/;
SET character_set_client = @saved_cs_client;

--
-- Temporary table structure for view `vw_rol`
--

DROP TABLE IF EXISTS `vw_rol`;
/*!50001 DROP VIEW IF EXISTS `vw_rol`*/;
SET @saved_cs_client     = @@character_set_client;
SET character_set_client = utf8;
/*!50001 CREATE VIEW `vw_rol` AS SELECT 
 1 AS `rol_id`,
 1 AS `rol_nombre`*/;
SET character_set_client = @saved_cs_client;

--
-- Temporary table structure for view `vw_subfamilia`
--

DROP TABLE IF EXISTS `vw_subfamilia`;
/*!50001 DROP VIEW IF EXISTS `vw_subfamilia`*/;
SET @saved_cs_client     = @@character_set_client;
SET character_set_client = utf8;
/*!50001 CREATE VIEW `vw_subfamilia` AS SELECT 
 1 AS `subfamilia_id`,
 1 AS `familia_id`,
 1 AS `subfamilia_codigo`,
 1 AS `subfamilia_descripcion`*/;
SET character_set_client = @saved_cs_client;

--
-- Temporary table structure for view `vw_unidad_medida`
--

DROP TABLE IF EXISTS `vw_unidad_medida`;
/*!50001 DROP VIEW IF EXISTS `vw_unidad_medida`*/;
SET @saved_cs_client     = @@character_set_client;
SET character_set_client = utf8;
/*!50001 CREATE VIEW `vw_unidad_medida` AS SELECT 
 1 AS `unidadmedida_id`,
 1 AS `unidadmedida_codigo`,
 1 AS `unidadmedida_descripcion`*/;
SET character_set_client = @saved_cs_client;

--
-- Temporary table structure for view `vw_usuario`
--

DROP TABLE IF EXISTS `vw_usuario`;
/*!50001 DROP VIEW IF EXISTS `vw_usuario`*/;
SET @saved_cs_client     = @@character_set_client;
SET character_set_client = utf8;
/*!50001 CREATE VIEW `vw_usuario` AS SELECT 
 1 AS `usuario_id`,
 1 AS `usuario_nombre`,
 1 AS `usuario_password`,
 1 AS `usuario_correo`,
 1 AS `usuario_activo`,
 1 AS `usuario_lastlogin`*/;
SET character_set_client = @saved_cs_client;

--
-- Temporary table structure for view `vw_usuario_rol`
--

DROP TABLE IF EXISTS `vw_usuario_rol`;
/*!50001 DROP VIEW IF EXISTS `vw_usuario_rol`*/;
SET @saved_cs_client     = @@character_set_client;
SET character_set_client = utf8;
/*!50001 CREATE VIEW `vw_usuario_rol` AS SELECT 
 1 AS `usuario_id`,
 1 AS `rol_id`*/;
SET character_set_client = @saved_cs_client;

--
-- Dumping routines for database 'bd_molino'
--
/*!50003 DROP FUNCTION IF EXISTS `fn_formula_calcular_subtotal` */;
/*!50003 SET @saved_cs_client      = @@character_set_client */ ;
/*!50003 SET @saved_cs_results     = @@character_set_results */ ;
/*!50003 SET @saved_col_connection = @@collation_connection */ ;
/*!50003 SET character_set_client  = utf8 */ ;
/*!50003 SET character_set_results = utf8 */ ;
/*!50003 SET collation_connection  = utf8_general_ci */ ;
/*!50003 SET @saved_sql_mode       = @@sql_mode */ ;
/*!50003 SET sql_mode              = 'STRICT_TRANS_TABLES,NO_AUTO_CREATE_USER,NO_ENGINE_SUBSTITUTION' */ ;
DELIMITER ;;
CREATE DEFINER=`root`@`localhost` FUNCTION `fn_formula_calcular_subtotal`(par_formula_id int) RETURNS decimal(12,5)
begin
    declare var_ret decimal(12,5) default 0.00;
    declare var_tonelada decimal(12,5) default 1000.00;

    declare var_formula_precio decimal(12,5) default 0.00;
    declare var_formula_flete_precio decimal(12,5) default 0.00;
    declare var_formula_cantidad decimal(12,5) default 0.00;

    declare var_cantidad_producida decimal(12,5) default 0.00;

    declare var_cantidad_calculado decimal(12,5) default 0.00;
    declare var_flete_calculado decimal(12,5) default 0.00;
    declare var_total_calculado decimal(12,5) default 0.00;
    declare var_fin integer default 0;

    declare cur_detalles cursor for
        select  ifnull(fd.formula_detalle_cantidad, 0),
                ifnull(f.formula_cantidad_producida, 0),
                ifnull(fd.formula_detalle_precio, 0),
                ifnull(fd.formula_detalle_flete, 0)
        from bd_molino.formula_detalle fd
            join bd_molino.formula f
                on f.formula_id = par_formula_id
            join bd_molino.vw_articulo a
                on fd.formula_detalle_articulo_id = a.articulo_id
            join bd_molino.precio p
                on a.articulo_id = p.precio_articulo_id
                    and p.precio_actual = 1
        where fd.formula_id = par_formula_id
            and fd.formula_detalle_estado = 1;
    declare continue handler for not found set var_fin = 1;

    open cur_detalles;
    get_detalles:
    loop
        fetch cur_detalles into var_formula_cantidad, var_cantidad_producida, var_formula_precio, var_formula_flete_precio;
        if var_fin = 1 then
            leave get_detalles;
        end if;

        set var_cantidad_calculado = (var_cantidad_producida * var_formula_cantidad) / var_tonelada;
        set var_flete_calculado = ((var_cantidad_producida / var_tonelada) * var_formula_cantidad / var_tonelada) * var_formula_flete_precio;
        set var_total_calculado = (var_cantidad_calculado * var_formula_precio / var_tonelada) + var_flete_calculado;
        set var_ret = var_ret + var_total_calculado;

    end loop;

    return round(var_ret, 2);
end ;;
DELIMITER ;
/*!50003 SET sql_mode              = @saved_sql_mode */ ;
/*!50003 SET character_set_client  = @saved_cs_client */ ;
/*!50003 SET character_set_results = @saved_cs_results */ ;
/*!50003 SET collation_connection  = @saved_col_connection */ ;
/*!50003 DROP PROCEDURE IF EXISTS `sp_articulo_contar_filtro` */;
/*!50003 SET @saved_cs_client      = @@character_set_client */ ;
/*!50003 SET @saved_cs_results     = @@character_set_results */ ;
/*!50003 SET @saved_col_connection = @@collation_connection */ ;
/*!50003 SET character_set_client  = utf8 */ ;
/*!50003 SET character_set_results = utf8 */ ;
/*!50003 SET collation_connection  = utf8_general_ci */ ;
/*!50003 SET @saved_sql_mode       = @@sql_mode */ ;
/*!50003 SET sql_mode              = 'STRICT_TRANS_TABLES,NO_AUTO_CREATE_USER,NO_ENGINE_SUBSTITUTION' */ ;
DELIMITER ;;
CREATE DEFINER=`root`@`localhost` PROCEDURE `sp_articulo_contar_filtro`(IN par_codigo varchar(12), IN par_codigo2 varchar(11),
                                                                 IN par_descripcion varchar(100), OUT resultado int)
begin
    declare var_familia1 int default 8; -- MICRO INSUMOS
    declare var_familia2 int default 7; -- MACRO INSUMOS
    declare var_familia3 int default 4; -- ALIMENTO BALANCEADO
    
    select count(1) into resultado
    from bd_molino.vw_articulo a
        join bd_molino.vw_subfamilia sf
            on a.subfamilia_id = sf.subfamilia_id
                and sf.familia_id in (var_familia1, var_familia2, var_familia3)
        left join bd_molino.vw_unidad_medida um
            on a.unidadmedida_id = um.unidadmedida_id
        left join bd_molino.precio pre
            on a.articulo_id = pre.precio_articulo_id
                and pre.precio_actual = true
    where (ifnull(par_descripcion, '') = '' or a.articulo_descripcion regexp par_descripcion)
        and (upper(ifnull(par_codigo, '')) = '' or a.articulo_codigo like upper(concat('%', ifnull(par_codigo, ''),'%')))
        and (upper(ifnull(par_codigo2, '')) = '' or a.articulo_codigo2 like upper(concat('%', ifnull(par_codigo2, ''),'%')));
end ;;
DELIMITER ;
/*!50003 SET sql_mode              = @saved_sql_mode */ ;
/*!50003 SET character_set_client  = @saved_cs_client */ ;
/*!50003 SET character_set_results = @saved_cs_results */ ;
/*!50003 SET collation_connection  = @saved_col_connection */ ;
/*!50003 DROP PROCEDURE IF EXISTS `sp_articulo_listar_filtro` */;
/*!50003 SET @saved_cs_client      = @@character_set_client */ ;
/*!50003 SET @saved_cs_results     = @@character_set_results */ ;
/*!50003 SET @saved_col_connection = @@collation_connection */ ;
/*!50003 SET character_set_client  = utf8 */ ;
/*!50003 SET character_set_results = utf8 */ ;
/*!50003 SET collation_connection  = utf8_general_ci */ ;
/*!50003 SET @saved_sql_mode       = @@sql_mode */ ;
/*!50003 SET sql_mode              = 'STRICT_TRANS_TABLES,NO_AUTO_CREATE_USER,NO_ENGINE_SUBSTITUTION' */ ;
DELIMITER ;;
CREATE DEFINER=`root`@`localhost` PROCEDURE `sp_articulo_listar_filtro`(IN par_codigo varchar(12), IN par_codigo2 varchar(12),
                                                                 IN par_descripcion varchar(100), IN par_tamanio int,
                                                                 IN par_inicio int)
begin
    declare var_familia1 int default 8; -- MICRO INSUMOS
    declare var_familia2 int default 7; -- MACRO INSUMOS
    declare var_familia3 int default 4; -- ALIMENTO BALANCEADO

    select a.articulo_id,
           a.subfamilia_id,
           a.articulo_codigo,
           a.articulo_descripcion,
           a.unidadmedida_id,
           a.articulo_codigo2,
           a.articulo_descripcion2,
           a.unidadmedida_id_2,
           a.articulo_sujetodetraccion,
           a.articulo_porcentajedetraccion,
           a.articulo_codigodetraccion,
           a.articulo_observacion,
           um.unidadmedida_id,
           um.unidadmedida_codigo,
           um.unidadmedida_descripcion,
           pre.precio_id,
           pre.precio_semana,
           pre.precio_articulo_id,
           ifnull(pre.precio_valor, 0) as precio_valor,
           ifnull(pre.precio_flete_valor, 0) as precio_flete_valor,
           pre.precio_actual,
           pre.precio_estado
    from bd_molino.vw_articulo a
        join bd_molino.vw_subfamilia sf
            on a.subfamilia_id = sf.subfamilia_id
                and sf.familia_id in (var_familia1, var_familia2, var_familia3)
        left join bd_molino.vw_unidad_medida um
            on a.unidadmedida_id = um.unidadmedida_id
        left join bd_molino.precio pre
            on a.articulo_id = pre.precio_articulo_id
                and pre.precio_actual = true
    where (ifnull(par_descripcion, '') = '' or a.articulo_descripcion regexp par_descripcion)
      and (upper(ifnull(par_codigo, '')) = '' or a.articulo_codigo like upper(concat('%', ifnull(par_codigo, ''), '%')))
      and (upper(ifnull(par_codigo2, '')) = '' or
           a.articulo_codigo2 like upper(concat('%', ifnull(par_codigo2, ''), '%')))
    order by a.articulo_descripcion
    limit par_tamanio offset par_inicio;
end ;;
DELIMITER ;
/*!50003 SET sql_mode              = @saved_sql_mode */ ;
/*!50003 SET character_set_client  = @saved_cs_client */ ;
/*!50003 SET character_set_results = @saved_cs_results */ ;
/*!50003 SET collation_connection  = @saved_col_connection */ ;
/*!50003 DROP PROCEDURE IF EXISTS `sp_articulo_obtener_por_id` */;
/*!50003 SET @saved_cs_client      = @@character_set_client */ ;
/*!50003 SET @saved_cs_results     = @@character_set_results */ ;
/*!50003 SET @saved_col_connection = @@collation_connection */ ;
/*!50003 SET character_set_client  = utf8 */ ;
/*!50003 SET character_set_results = utf8 */ ;
/*!50003 SET collation_connection  = utf8_general_ci */ ;
/*!50003 SET @saved_sql_mode       = @@sql_mode */ ;
/*!50003 SET sql_mode              = 'STRICT_TRANS_TABLES,NO_AUTO_CREATE_USER,NO_ENGINE_SUBSTITUTION' */ ;
DELIMITER ;;
CREATE DEFINER=`root`@`localhost` PROCEDURE `sp_articulo_obtener_por_id`(
    in par_articulo_id int
)
begin
    select a.articulo_id,
           a.subfamilia_id,
           a.articulo_codigo,
           a.articulo_descripcion,
           a.unidadmedida_id,
           a.articulo_codigo2,
           a.articulo_descripcion2,
           a.unidadmedida_id_2,
           a.articulo_sujetodetraccion,
           a.articulo_porcentajedetraccion,
           a.articulo_codigodetraccion,
           a.articulo_observacion,
           um.unidadmedida_id,
           um.unidadmedida_codigo,
           um.unidadmedida_descripcion,
           pre.precio_id,
           pre.precio_semana,
           pre.precio_articulo_id,
           pre.precio_valor,
           pre.precio_flete_valor,
           pre.precio_actual,
           pre.precio_estado
    from bd_molino.vw_articulo a
        left join bd_molino.vw_unidad_medida um
            on a.unidadmedida_id = um.unidadmedida_id
        left join bd_molino.precio pre
            on a.articulo_id = pre.precio_articulo_id
                and pre.precio_actual = true
    where a.articulo_id = par_articulo_id;
end ;;
DELIMITER ;
/*!50003 SET sql_mode              = @saved_sql_mode */ ;
/*!50003 SET character_set_client  = @saved_cs_client */ ;
/*!50003 SET character_set_results = @saved_cs_results */ ;
/*!50003 SET collation_connection  = @saved_col_connection */ ;
/*!50003 DROP PROCEDURE IF EXISTS `sp_costeo_contar_filtro` */;
/*!50003 SET @saved_cs_client      = @@character_set_client */ ;
/*!50003 SET @saved_cs_results     = @@character_set_results */ ;
/*!50003 SET @saved_col_connection = @@collation_connection */ ;
/*!50003 SET character_set_client  = utf8 */ ;
/*!50003 SET character_set_results = utf8 */ ;
/*!50003 SET collation_connection  = utf8_general_ci */ ;
/*!50003 SET @saved_sql_mode       = @@sql_mode */ ;
/*!50003 SET sql_mode              = 'STRICT_TRANS_TABLES,NO_AUTO_CREATE_USER,NO_ENGINE_SUBSTITUTION' */ ;
DELIMITER ;;
CREATE DEFINER=`root`@`localhost` PROCEDURE `sp_costeo_contar_filtro`(
    in par_empresa_id int,
    in par_anio int,
    in par_semana int,
    out resultado int
)
begin
    select count(1) into resultado
    from bd_molino.costeo c
        left join bd_molino.empresa emp
            on c.costeo_empresa_id = emp.empresa_id
    where (ifnull(par_anio, 0) = 0 or c.costeo_anio = par_anio)
      and (ifnull(par_semana, 0) = 0 or c.costeo_semana = par_semana)
      and (ifnull(par_empresa_id, 0) = 0 or c.costeo_empresa_id = par_empresa_id)
      and c.costeo_estado = 1;
end ;;
DELIMITER ;
/*!50003 SET sql_mode              = @saved_sql_mode */ ;
/*!50003 SET character_set_client  = @saved_cs_client */ ;
/*!50003 SET character_set_results = @saved_cs_results */ ;
/*!50003 SET collation_connection  = @saved_col_connection */ ;
/*!50003 DROP PROCEDURE IF EXISTS `sp_costeo_detalle_calcular_fletes` */;
/*!50003 SET @saved_cs_client      = @@character_set_client */ ;
/*!50003 SET @saved_cs_results     = @@character_set_results */ ;
/*!50003 SET @saved_col_connection = @@collation_connection */ ;
/*!50003 SET character_set_client  = utf8 */ ;
/*!50003 SET character_set_results = utf8 */ ;
/*!50003 SET collation_connection  = utf8_general_ci */ ;
/*!50003 SET @saved_sql_mode       = @@sql_mode */ ;
/*!50003 SET sql_mode              = 'STRICT_TRANS_TABLES,NO_AUTO_CREATE_USER,NO_ENGINE_SUBSTITUTION' */ ;
DELIMITER ;;
CREATE DEFINER=`root`@`localhost` PROCEDURE `sp_costeo_detalle_calcular_fletes`(IN par_costeo_id int,
                                                                         IN par_usuario_mantenimiento int,
                                                                         OUT resultado int)
begin
    # Valores de Costeo}
    declare var_viajes decimal(12,5) default 0.000;
    declare var_precio_flete_viaje decimal(12,5) default 0.000;
    declare var_tipo_cambio decimal(12,5) default 0.000;
    declare var_suma_factores decimal(12,5) default 0.00;
    declare var_flete decimal(12,5) default 0.000;
    declare var_flete_calculado decimal(12,5) default 0.000;

    # Valores de Detalles del Costeo
    declare cons_tonelada decimal(12,5) default 1000;
    declare var_detalle_id int;
    declare var_cantidad decimal(12,5) default 0.00;
    declare var_subtotal decimal(12,5) default 0.00;
    declare var_maquila decimal(12,5) default 0.00;
    declare var_sacos decimal(12,5) default 0.00;
    declare var_factor_flete decimal(12,5) default 0.00;
    declare var_precio_unitario decimal(12,5) default 0.00;
    declare var_total decimal(12,5) default 0.00;

    declare var_fin integer default 0;
    declare cur_detalles cursor for
        select cd.costeo_detalle_id,
               cd.costeo_detalle_cantidad,
               cd.costeo_detalle_subtotal,
               cd.costeo_detalle_maquila,
               cd.costeo_detalle_sacos,
               cd.costeo_detalle_factor_flete,
               cd.costeo_detalle_precio_unitario,
               cd.costeo_detalle_total
        from bd_molino.costeo_detalle cd
        where cd.costeo_id = par_costeo_id
            and cd.costeo_detalle_estado = 1;
    declare continue handler for not found set var_fin = 1;

    select ifnull(costeo_precio_flete_viaje, 0),
           ifnull(costeo_tipo_cambio, 0),
           ifnull(e.envio_viajes, 0) into
               var_precio_flete_viaje,
               var_tipo_cambio,
               var_viajes
    from bd_molino.costeo c
        join bd_molino.envio e
            on c.costeo_envio_id = e.envio_id
    where costeo_id = par_costeo_id
      and costeo_estado = 1;

    select sum(ifnull(costeo_detalle_factor_flete, 0)) into var_suma_factores
    from bd_molino.costeo_detalle
    where costeo_id = par_costeo_id and costeo_detalle_estado = 1;

    set var_flete = ((var_precio_flete_viaje * var_viajes) / var_tipo_cambio) / var_suma_factores;

    open cur_detalles;
    get_detalles:
    loop
        fetch cur_detalles into var_detalle_id, var_cantidad, var_subtotal, var_maquila, var_sacos, var_factor_flete, var_precio_unitario, var_total;
        if var_fin = 1 then
            leave get_detalles;
        end if;

        # calculando flete con factor
        set var_flete_calculado = var_flete * var_factor_flete;

        # recalculando total
        set var_total = (var_subtotal + var_maquila + var_sacos + var_flete);

        # recalculando precio unitario
        if var_cantidad > 0 then
            set var_precio_unitario = (var_total * cons_tonelada) / var_cantidad;
        else
            set var_precio_unitario = 0;
        end if;

        # actualizando valores
        update bd_molino.costeo_detalle
            set costeo_detalle_flete = var_flete_calculado,
                costeo_detalle_total = var_total,
                costeo_detalle_precio_unitario = var_precio_unitario,
                usuario_modificacion = par_usuario_mantenimiento,
                fecha_modificacion = now()
        where costeo_detalle_id = var_detalle_id;

        set resultado = 1;
    end loop;
end ;;
DELIMITER ;
/*!50003 SET sql_mode              = @saved_sql_mode */ ;
/*!50003 SET character_set_client  = @saved_cs_client */ ;
/*!50003 SET character_set_results = @saved_cs_results */ ;
/*!50003 SET collation_connection  = @saved_col_connection */ ;
/*!50003 DROP PROCEDURE IF EXISTS `sp_costeo_detalle_contar_filtro` */;
/*!50003 SET @saved_cs_client      = @@character_set_client */ ;
/*!50003 SET @saved_cs_results     = @@character_set_results */ ;
/*!50003 SET @saved_col_connection = @@collation_connection */ ;
/*!50003 SET character_set_client  = utf8 */ ;
/*!50003 SET character_set_results = utf8 */ ;
/*!50003 SET collation_connection  = utf8_general_ci */ ;
/*!50003 SET @saved_sql_mode       = @@sql_mode */ ;
/*!50003 SET sql_mode              = 'STRICT_TRANS_TABLES,NO_AUTO_CREATE_USER,NO_ENGINE_SUBSTITUTION' */ ;
DELIMITER ;;
CREATE DEFINER=`root`@`localhost` PROCEDURE `sp_costeo_detalle_contar_filtro`(IN par_costeo_id int, OUT resultado int)
begin
    select count(1) into resultado
    from bd_molino.costeo_detalle cd
        join bd_molino.formula f
            on cd.costeo_detalle_formula_id = f.formula_id
    where cd.costeo_id = par_costeo_id
      and cd.costeo_detalle_estado = 1;
end ;;
DELIMITER ;
/*!50003 SET sql_mode              = @saved_sql_mode */ ;
/*!50003 SET character_set_client  = @saved_cs_client */ ;
/*!50003 SET character_set_results = @saved_cs_results */ ;
/*!50003 SET collation_connection  = @saved_col_connection */ ;
/*!50003 DROP PROCEDURE IF EXISTS `sp_costeo_detalle_listar_filtro` */;
/*!50003 SET @saved_cs_client      = @@character_set_client */ ;
/*!50003 SET @saved_cs_results     = @@character_set_results */ ;
/*!50003 SET @saved_col_connection = @@collation_connection */ ;
/*!50003 SET character_set_client  = utf8 */ ;
/*!50003 SET character_set_results = utf8 */ ;
/*!50003 SET collation_connection  = utf8_general_ci */ ;
/*!50003 SET @saved_sql_mode       = @@sql_mode */ ;
/*!50003 SET sql_mode              = 'STRICT_TRANS_TABLES,NO_AUTO_CREATE_USER,NO_ENGINE_SUBSTITUTION' */ ;
DELIMITER ;;
CREATE DEFINER=`root`@`localhost` PROCEDURE `sp_costeo_detalle_listar_filtro`(IN par_costeo_id int, IN par_tamanio int, IN par_inicio int)
begin
    select cd.costeo_detalle_id,
           cd.costeo_detalle_cantidad,
           cd.costeo_detalle_formula_id,
           cd.costeo_detalle_flete,
           cd.costeo_detalle_factor_flete,
           cd.costeo_detalle_estado,
           cd.costeo_id,
           cd.costeo_detalle_subtotal,
           cd.costeo_detalle_maquila,
           cd.costeo_detalle_sacos,
           cd.costeo_detalle_precio_unitario,
           cd.costeo_detalle_total,
           cd.costeo_detalle_fecha_tipo_cambio,
           cd.costeo_detalle_tipo_cambio,
           cd.costeo_detalle_precio_flete_viaje,
           cd.costeo_detalle_cantidad_detalles,
           cd.costeo_detalle_dividir_entre,
           f.formula_id,
           f.formula_codigo,
           f.formula_etapa,
           f.formula_descripcion,
           f.formula_empresa_id,
           f.formula_cantidad,
           f.formula_observaciones,
           f.formula_parent_id,
           f.formula_semana,
           f.formula_anio,
           f.formula_tipo,
           f.formula_cantidad_producida,
           f.formula_estado
    from bd_molino.costeo_detalle cd
        join bd_molino.formula f
            on cd.costeo_detalle_formula_id = f.formula_id
    where cd.costeo_id = par_costeo_id
      and cd.costeo_detalle_estado = 1
    limit par_tamanio offset par_inicio;
end ;;
DELIMITER ;
/*!50003 SET sql_mode              = @saved_sql_mode */ ;
/*!50003 SET character_set_client  = @saved_cs_client */ ;
/*!50003 SET character_set_results = @saved_cs_results */ ;
/*!50003 SET collation_connection  = @saved_col_connection */ ;
/*!50003 DROP PROCEDURE IF EXISTS `sp_costeo_detalle_mantenimiento` */;
/*!50003 SET @saved_cs_client      = @@character_set_client */ ;
/*!50003 SET @saved_cs_results     = @@character_set_results */ ;
/*!50003 SET @saved_col_connection = @@collation_connection */ ;
/*!50003 SET character_set_client  = utf8 */ ;
/*!50003 SET character_set_results = utf8 */ ;
/*!50003 SET collation_connection  = utf8_general_ci */ ;
/*!50003 SET @saved_sql_mode       = @@sql_mode */ ;
/*!50003 SET sql_mode              = 'STRICT_TRANS_TABLES,NO_AUTO_CREATE_USER,NO_ENGINE_SUBSTITUTION' */ ;
DELIMITER ;;
CREATE DEFINER=`root`@`localhost` PROCEDURE `sp_costeo_detalle_mantenimiento`(IN par_costeo_detalle_id int,
                                                                       IN par_cantidad decimal(12, 5),
                                                                       IN par_formula_id int,
                                                                       IN par_flete decimal(12, 5),
                                                                       IN par_factor_flete decimal(12, 5),
                                                                       IN par_estado int, IN par_costeo_id int,
                                                                       IN par_usuario_mantenimiento int,
                                                                       IN par_accion int, OUT resultado int)
begin
    /*
        Acciones:
        1 => insertar costeo detalle
        2 => actualizar costeo detalle
        3 => eliminar costeo detalle


        Errores:
        -1 => error al insertar costeo detalle
        -2 => error al actualizar costeo detalle
        -3 => error al eliminar costeo detalle
     */

    declare cons_tonelada decimal(12, 5) default 1000.00;
    declare cons_maquila decimal(12, 5) default 30.00;
    declare cons_sacos1 decimal(12, 5) default 50.00;
    declare cons_sacos2 decimal(12, 5) default 0.35;

    declare var_cantidad_producida decimal(12, 5) default 0.00;
    declare var_subtotal decimal(12, 5) default 0.00;
    declare var_maquila decimal(12, 5) default 0.00;
    declare var_sacos decimal(12, 5) default 0.00;
    declare var_precio_unitario decimal(12, 5) default 0.00;
    declare var_total decimal(12, 5) default 0.00;

    if par_accion = 1 then
        set resultado = -1;
    elseif par_accion = 2 then
        set resultado = -2;
    elseif par_accion = 3 then
        set resultado = -3;
    elseif par_accion = 4 then
        set resultado = -4;
    end if;

    if par_accion = 1 then
        set par_costeo_detalle_id = (select ifnull(max(costeo_detalle_id), 0) + 1 from bd_molino.costeo_detalle);

        set par_flete = ifnull(par_flete, 0);

        -- campos calculados
        set var_subtotal = bd_molino.fn_formula_calcular_subtotal(par_formula_id);
        set var_cantidad_producida = (select ifnull(formula_cantidad_producida, 0) from bd_molino.formula where formula_id = par_formula_id);
        set var_maquila = cons_maquila * var_cantidad_producida / cons_tonelada;
        set var_sacos = var_cantidad_producida * cons_sacos2 / cons_sacos1;
        set var_total = var_subtotal + var_maquila + var_sacos + par_flete;
        if var_cantidad_producida > 0 then
            set var_precio_unitario = cons_tonelada * var_total / var_cantidad_producida;
        end if;

        # insertar datos del detalle con valores calculados
        insert into bd_molino.costeo_detalle(costeo_detalle_id,
                                             costeo_detalle_cantidad,
                                             costeo_detalle_formula_id,
                                             costeo_detalle_flete,
                                             costeo_detalle_factor_flete,
                                             costeo_detalle_subtotal,
                                             costeo_detalle_maquila,
                                             costeo_detalle_sacos,
                                             costeo_detalle_precio_unitario,
                                             costeo_detalle_total,
                                             costeo_detalle_estado,
                                             costeo_id,
                                             usuario_creacion,
                                             fecha_creacion)
        values (par_costeo_detalle_id,
                par_cantidad,
                par_formula_id,
                par_flete,
                par_factor_flete,
                var_subtotal,
                var_maquila,
                var_sacos,
                var_precio_unitario,
                var_total,
                par_estado,
                par_costeo_id,
                par_usuario_mantenimiento,
                now());

        # Estado 2: Formula usada
        update bd_molino.formula
        set formula_estado = 2,
            usuario_modificacion = par_usuario_mantenimiento,
            fecha_modificacion = now()
        where formula_id = par_formula_id;

        # Recalcular Fletes con nueva data insertada
        call bd_molino.sp_costeo_detalle_calcular_fletes(par_costeo_id, par_usuario_mantenimiento, @resultado);

        set resultado = par_costeo_detalle_id;

    elseif par_accion = 2 then
        set par_flete = ifnull(par_flete, 0);

        -- campos calculados
        set var_subtotal = bd_molino.fn_formula_calcular_subtotal(par_formula_id);
        #set var_cantidad_producida = (select ifnull(formula_cantidad_producida, 0) from bd_molino.formula where formula_id = par_formula_id);
        set var_cantidad_producida = (select ifnull(formula_cantidad_producida, 0) from bd_molino.formula where formula_id = par_formula_id);
        set var_maquila = cons_maquila * var_cantidad_producida / cons_tonelada;
        set var_sacos = var_cantidad_producida * cons_sacos2 / cons_sacos1;
        set var_total = var_subtotal + var_maquila + var_sacos + par_flete;
        if var_cantidad_producida > 0 then
            set var_precio_unitario = cons_tonelada * var_total / var_cantidad_producida;
        end if;

        # actualizar detalle con datos calculados
        update bd_molino.costeo_detalle
        set costeo_detalle_formula_id      = par_formula_id,
            costeo_detalle_flete           = par_flete,
            costeo_detalle_factor_flete    = par_factor_flete,
            costeo_detalle_subtotal        = var_subtotal,
            costeo_detalle_maquila         = var_maquila,
            costeo_detalle_sacos           = var_sacos,
            costeo_detalle_precio_unitario = var_precio_unitario,
            costeo_detalle_total           = var_total,
            usuario_modificacion           = par_usuario_mantenimiento,
            fecha_modificacion             = now()
        where costeo_detalle_id = par_costeo_detalle_id;

        # Recalcular Fletes con nueva data insertada
        call bd_molino.sp_costeo_detalle_calcular_fletes(par_costeo_id, par_usuario_mantenimiento, @resultado);

        set resultado = 1;

    elseif par_accion = 3 then
        # eliminar detalle
        update bd_molino.costeo_detalle
        set costeo_detalle_estado = -1,
            usuario_creacion      = par_usuario_mantenimiento,
            fecha_creacion        = now()
        where costeo_detalle_id = par_costeo_detalle_id;

        # Estado 1: Formula no usada
        update bd_molino.formula
        set formula_estado = 1,
            usuario_modificacion = par_usuario_mantenimiento,
            fecha_modificacion = now()
        where formula_id = par_formula_id;

        # Recalcular Fletes con nueva data insertada
        call bd_molino.sp_costeo_detalle_calcular_fletes(par_costeo_id, par_usuario_mantenimiento, @resultado);

        set resultado = 1;
    end if;

end ;;
DELIMITER ;
/*!50003 SET sql_mode              = @saved_sql_mode */ ;
/*!50003 SET character_set_client  = @saved_cs_client */ ;
/*!50003 SET character_set_results = @saved_cs_results */ ;
/*!50003 SET collation_connection  = @saved_col_connection */ ;
/*!50003 DROP PROCEDURE IF EXISTS `sp_costeo_detalle_obtener_por_id` */;
/*!50003 SET @saved_cs_client      = @@character_set_client */ ;
/*!50003 SET @saved_cs_results     = @@character_set_results */ ;
/*!50003 SET @saved_col_connection = @@collation_connection */ ;
/*!50003 SET character_set_client  = utf8 */ ;
/*!50003 SET character_set_results = utf8 */ ;
/*!50003 SET collation_connection  = utf8_general_ci */ ;
/*!50003 SET @saved_sql_mode       = @@sql_mode */ ;
/*!50003 SET sql_mode              = 'STRICT_TRANS_TABLES,NO_AUTO_CREATE_USER,NO_ENGINE_SUBSTITUTION' */ ;
DELIMITER ;;
CREATE DEFINER=`root`@`localhost` PROCEDURE `sp_costeo_detalle_obtener_por_id`(IN par_costeo_detalle_id int)
begin
    select cd.costeo_detalle_id,
           cd.costeo_detalle_cantidad,
           cd.costeo_detalle_formula_id,
           cd.costeo_detalle_flete,
           cd.costeo_detalle_factor_flete,
           cd.costeo_detalle_estado,
           cd.costeo_detalle_subtotal,
           cd.costeo_detalle_maquila,
           cd.costeo_detalle_sacos,
           cd.costeo_detalle_precio_unitario,
           cd.costeo_detalle_total,
           f.formula_id,
           f.formula_codigo,
           f.formula_etapa,
           f.formula_descripcion,
           f.formula_empresa_id,
           f.formula_cantidad,
           f.formula_observaciones,
           f.formula_parent_id,
           f.formula_semana,
           f.formula_anio,
           f.formula_tipo,
           f.formula_cantidad_producida,
           f.formula_estado
    from bd_molino.costeo_detalle cd
        join bd_molino.formula f
            on cd.costeo_detalle_formula_id = f.formula_id
    where cd.costeo_detalle_id = par_costeo_detalle_id
        and cd.costeo_detalle_estado = 1;
end ;;
DELIMITER ;
/*!50003 SET sql_mode              = @saved_sql_mode */ ;
/*!50003 SET character_set_client  = @saved_cs_client */ ;
/*!50003 SET character_set_results = @saved_cs_results */ ;
/*!50003 SET collation_connection  = @saved_col_connection */ ;
/*!50003 DROP PROCEDURE IF EXISTS `sp_costeo_generar_factura` */;
/*!50003 SET @saved_cs_client      = @@character_set_client */ ;
/*!50003 SET @saved_cs_results     = @@character_set_results */ ;
/*!50003 SET @saved_col_connection = @@collation_connection */ ;
/*!50003 SET character_set_client  = utf8 */ ;
/*!50003 SET character_set_results = utf8 */ ;
/*!50003 SET collation_connection  = utf8_general_ci */ ;
/*!50003 SET @saved_sql_mode       = @@sql_mode */ ;
/*!50003 SET sql_mode              = 'STRICT_TRANS_TABLES,NO_AUTO_CREATE_USER,NO_ENGINE_SUBSTITUTION' */ ;
DELIMITER ;;
CREATE DEFINER=`root`@`localhost` PROCEDURE `sp_costeo_generar_factura`(IN par_costeo_id int, IN par_fecha_emision date,
                                                                 IN par_factura_serie varchar(4),
                                                                 IN par_factura_numero varchar(10),
                                                                 IN par_guia_remision varchar(60), OUT resultado int)
begin
    # tabla: documento
    declare var_documento_id int;
    declare var_tipo_documento_id int default 1; # FACTURA
    declare var_canal_venta_id int default 12; # ALIMENTO BALANCEADO
    declare var_tipo_operacion varchar(5) default '_0101'; # VENTA INTERNA
    declare var_moneda varchar(2) default 'US'; # DOLARES
    declare var_medio_pago_id int default 1; # DEPOSITO EN CUENTA
    declare var_subdiario varchar(3) default '_05';
    declare var_tipo_conversion varchar(1) default 'V';
    declare var_documento_cuenta varchar(6) default '121205';
    declare var_porcentaje_igv decimal(12,2) default 0.18;
    declare var_documento_imprimir_guia bit default true;
    declare var_glosa2 varchar(100) default concat('FT ', par_factura_serie, '-', par_factura_numero); # "FT SERIE_NUMERO"

    declare var_semana int;
    declare var_cliente_id int;
    declare var_cliente_direccion varchar(120);
    declare var_tipo_cambio decimal(5,3);
    declare var_fecha_vencimiento date;

    declare var_base_imponible decimal(12,2) default 0; # suma de todos los totales de los detalles
    declare var_igv decimal(12,2); # igv de la base imponible: baseimponible * porcentajeigv
    declare var_importe decimal(12,2); # base imponible + igv
    declare var_saldo decimal(12,2); # igual al importe al insertar

    # tabla: detalle_documento
    declare var_unidades decimal(10,2) default 0.00;
    declare var_tonelada decimal(10,2) default 1000.00; # TONELADA
    declare var_detalle_igv decimal(10,2) default 1.18;
    declare var_tipo_afectacion_igv varchar(3) default '_10';

    declare var_secuencia int default 0;
    declare var_articulo_formula_id int;
    declare var_cantidad decimal(12,5);
    declare var_pu_sin_igv decimal(12,5); # pu
    declare var_pu_con_igv decimal(12,5); # pu * detalle_igv
    declare var_precio decimal(12,5); # cantidad * pu_con_igv
    declare var_observacion varchar(100);

    declare var_fin integer default 0;
    declare cur_detalles cursor for
        select art.articulo_id, # formula
               (cd.costeo_detalle_cantidad / var_tonelada), # cantidad producida en formula
               cd.costeo_detalle_precio_unitario, # pu sin igv
               (cd.costeo_detalle_precio_unitario * var_detalle_igv), # pu con igv
               f.formula_descripcion
        from bd_molino.costeo_detalle cd
            join bd_molino.formula f
                on cd.costeo_detalle_formula_id = f.formula_id
            join bd_jventas.articulo art
                on f.formula_codigo = art.articulo_codigo
        where cd.costeo_id = par_costeo_id
            and cd.costeo_detalle_estado = 1;
    declare continue handler for not found set var_fin = 1;

    set resultado = -1;

    #################################
    ### calculos y seteo de datos ###
    #################################

    # obtener valores del costeo por el costeo_id:
    select env.envio_semana,
           cli.cliente_id,
           concat(cli.cliente_direccion, ' - ', cli.cliente_distrito, ' - ', cli.cliente_provincia, ' - ', cli.cliente_departamento),
           c.costeo_tipo_cambio,
           date_add(par_fecha_emision, interval cli.cliente_diascredito day)
                into
                    var_semana,
                    var_cliente_id,
                    var_cliente_direccion,
                    var_tipo_cambio,
                    var_fecha_vencimiento
    from bd_molino.costeo c
        inner join bd_molino.envio env
            on c.costeo_envio_id = env.envio_id
        inner join bd_molino.empresa e
            on env.envio_empresa_id = e.empresa_id
        inner join bd_jventas.cliente cli
            on e.empresa_ruc = cli.cliente_numerodocumentoidentidad
    where c.costeo_id = par_costeo_id
        and c.costeo_estado = 1;

    # actualizando costeo
    update bd_molino.costeo
    set costeo_factura_fecha_emision = par_fecha_emision,
        costeo_factura_serie = par_factura_serie,
        costeo_factura_numero = par_factura_numero,
        costeo_factura_guia_remision = par_guia_remision,
        costeo_factura_generada = true
    where costeo_id = par_costeo_id;

    # insertando tipo de cambio si no existe en la fecha indicada
    if(not exists(select 1 from bd_jventas.tipo_cambio where tipocambio_fecha = par_fecha_emision)) then
        insert into bd_jventas.tipo_cambio(tipocambio_fecha, tipocambio_venta)
        values (var_tipo_cambio, par_fecha_emision);
    end if;

    # insertando "documento"
    insert into bd_jventas.documento(documento_subdiario,
                                     documento_fechaemision,
                                     documento_moneda,
                                     documento_tipocambio,
                                     documento_tipoconversion,
                                     documento_cuenta,
                                     cliente_id_1,
                                     cliente_id_2,
                                     tipodocumento_id,
                                     documento_serie,
                                     documento_numero,
                                     documento_fechavencimiento,
                                     documento_porcentajeigv,
                                     documento_baseimponible,
                                     documento_igv,
                                     documento_importe,
                                     documento_saldo,
                                     documento_guiaremision,
                                     documento_glosa,
                                     documento_semana,
                                     documento_glosa2,
                                     documento_semana2,
                                     canalventa_id,
                                     mediopago_id,
                                     documento_tipooperacion,
                                     documento_direccionentrega,
                                     documento_imprimirguia,
                                     documento_sujetospot)
    values (var_subdiario,
            par_fecha_emision,
            var_moneda,
            var_tipo_cambio,
            var_tipo_conversion,
            var_documento_cuenta,
            var_cliente_id,
            var_cliente_id,
            var_tipo_documento_id,
            par_factura_serie,
            par_factura_numero,
            var_fecha_vencimiento,
            var_porcentaje_igv,
            0,
            0,
            0,
            0,
            par_guia_remision,
            'VENTA DE ALIMENTO BALANCEADO',
            var_semana,
            var_glosa2,
            var_semana,
            var_canal_venta_id,
            var_medio_pago_id,
            var_tipo_operacion,
            var_cliente_direccion,
            var_documento_imprimir_guia,
            0);

    set var_documento_id = last_insert_id();

    # obtener valores de los detalles del costeo por su costeo_id:
    open cur_detalles;
    get_detalles:
    loop
        fetch cur_detalles into var_articulo_formula_id, var_cantidad, var_pu_sin_igv, var_pu_con_igv, var_observacion;
        if var_fin = 1 then
            leave get_detalles;
        end if;

        # iniciando y sumando secuencia
        set var_secuencia = var_secuencia + 1;

        # calculando campos
        set var_precio = var_cantidad * var_pu_con_igv;

        # insertando detalle
        insert into bd_jventas.detalle_documento(documento_id,
                                                 detalle_secuencia,
                                                 articulo_id,
                                                 detalle_cantidad,
                                                 detalle_unidades,
                                                 detalle_precio,
                                                 detalle_importe,
                                                 detalle_tipoafectacionigv,
                                                 detalle_observacion)
        values (var_documento_id,
                var_secuencia,
                var_articulo_formula_id,
                var_cantidad,
                var_unidades,
                var_pu_con_igv,
                var_precio,
                var_tipo_afectacion_igv,
                var_observacion);

        # sumando precio calculado
        set var_base_imponible = var_base_imponible + (var_pu_sin_igv * var_cantidad);
    end loop;

    # calculando valores totales para la cabecera y actualizandolo
    set var_igv = var_base_imponible * var_porcentaje_igv;
    set var_importe = var_base_imponible + var_igv;
    set var_saldo = var_importe;

    update bd_jventas.documento
        set documento_baseimponible = var_base_imponible,
            documento_igv = var_igv,
            documento_importe = var_importe,
            documento_saldo = var_saldo
    where documento_id = var_documento_id;

    set resultado = 1;

end ;;
DELIMITER ;
/*!50003 SET sql_mode              = @saved_sql_mode */ ;
/*!50003 SET character_set_client  = @saved_cs_client */ ;
/*!50003 SET character_set_results = @saved_cs_results */ ;
/*!50003 SET collation_connection  = @saved_col_connection */ ;
/*!50003 DROP PROCEDURE IF EXISTS `sp_costeo_listar_filtro` */;
/*!50003 SET @saved_cs_client      = @@character_set_client */ ;
/*!50003 SET @saved_cs_results     = @@character_set_results */ ;
/*!50003 SET @saved_col_connection = @@collation_connection */ ;
/*!50003 SET character_set_client  = utf8 */ ;
/*!50003 SET character_set_results = utf8 */ ;
/*!50003 SET collation_connection  = utf8_general_ci */ ;
/*!50003 SET @saved_sql_mode       = @@sql_mode */ ;
/*!50003 SET sql_mode              = 'STRICT_TRANS_TABLES,NO_AUTO_CREATE_USER,NO_ENGINE_SUBSTITUTION' */ ;
DELIMITER ;;
CREATE DEFINER=`root`@`localhost` PROCEDURE `sp_costeo_listar_filtro`(
    in par_empresa_id int,
    in par_anio int,
    in par_semana int,
    in par_tamanio int,
    in par_inicio int
)
begin
    select c.costeo_id,
           c.costeo_empresa_id,
           c.costeo_anio,
           c.costeo_semana,
           c.costeo_observaciones,
           c.costeo_estado,
           emp.empresa_id,
           emp.empresa_ruc,
           emp.empresa_razon_social,
           emp.empresa_estado
    from bd_molino.costeo c
        left join bd_molino.empresa emp
            on c.costeo_empresa_id = emp.empresa_id
    where (ifnull(par_anio, 0) = 0 or c.costeo_anio = par_anio)
      and (ifnull(par_semana, 0) = 0 or c.costeo_semana = par_semana)
      and (ifnull(par_empresa_id, 0) = 0 or c.costeo_empresa_id = par_empresa_id)
      and c.costeo_estado = 1
    limit par_tamanio offset par_inicio;
end ;;
DELIMITER ;
/*!50003 SET sql_mode              = @saved_sql_mode */ ;
/*!50003 SET character_set_client  = @saved_cs_client */ ;
/*!50003 SET character_set_results = @saved_cs_results */ ;
/*!50003 SET collation_connection  = @saved_col_connection */ ;
/*!50003 DROP PROCEDURE IF EXISTS `sp_costeo_mantenimiento` */;
/*!50003 SET @saved_cs_client      = @@character_set_client */ ;
/*!50003 SET @saved_cs_results     = @@character_set_results */ ;
/*!50003 SET @saved_col_connection = @@collation_connection */ ;
/*!50003 SET character_set_client  = utf8 */ ;
/*!50003 SET character_set_results = utf8 */ ;
/*!50003 SET collation_connection  = utf8_general_ci */ ;
/*!50003 SET @saved_sql_mode       = @@sql_mode */ ;
/*!50003 SET sql_mode              = 'STRICT_TRANS_TABLES,NO_AUTO_CREATE_USER,NO_ENGINE_SUBSTITUTION' */ ;
DELIMITER ;;
CREATE DEFINER=`root`@`localhost` PROCEDURE `sp_costeo_mantenimiento`(IN par_costeo_id int, IN par_empresa_id int,
                                                               IN par_anio int, IN par_semana int,
                                                               IN par_observaciones varchar(500),
                                                               IN par_fecha_tipo_cambio date,
                                                               IN par_tipo_cambio decimal(12, 5),
                                                               IN par_precio_flete_viaje decimal(12, 5),
                                                               IN par_estado int, IN par_usuario_mantenimiento int,
                                                               IN par_factura_fecha_emision date,
                                                               IN par_factura_serie varchar(4),
                                                               IN par_factura_numero varchar(10),
                                                               IN par_guia_remision varchar(60), IN par_accion int,
                                                               OUT resultado int)
begin
    /*
        Acciones:
        1 => insertar costeo
        2 => actualizar costeo
        3 => eliminar costeo
        4 => generar factura

        Errores:
        -1 => error al insertar costeo
        -2 => error al actualizar costeo
        -3 => error al eliminar costeo
        -4 => error al generar factura
     */

    if par_accion = 1 then
        set resultado = -1;
    elseif par_accion = 2 then
        set resultado = -2;
    elseif par_accion = 3 then
        set resultado = -3;
    end if;


    if par_accion = 1 then
        set par_costeo_id = (select ifnull(max(costeo_id), 0) + 1 from bd_molino.costeo);

        insert into bd_molino.costeo(costeo_id,
                                     costeo_empresa_id,
                                     costeo_anio,
                                     costeo_semana,
                                     costeo_observaciones,
                                     costeo_estado,
                                     usuario_creacion,
                                     fecha_creacion)
        values (par_costeo_id,
                par_empresa_id,
                par_anio,
                par_semana,
                par_observaciones,
                par_estado,
                par_usuario_mantenimiento,
                now());

        set resultado = par_costeo_id;

    elseif par_accion = 2 then
        update bd_molino.costeo
        set costeo_fecha_tipo_cambio  = par_fecha_tipo_cambio,
            costeo_tipo_cambio        = par_tipo_cambio,
            costeo_precio_flete_viaje = par_precio_flete_viaje,
            usuario_modificacion      = par_usuario_mantenimiento,
            fecha_modificacion        = now()
        where costeo_id = par_costeo_id;

        # recalcular fletes con nuevos datos de: tipo_cambio y precio_flete_viaje del costeo en la cabecera
        call bd_molino.sp_costeo_detalle_calcular_fletes(par_costeo_id, par_usuario_mantenimiento, @resultado);

        set resultado = 1;

    elseif par_accion = 3 then
        update bd_molino.costeo
        set costeo_estado        = -1,
            usuario_modificacion = par_usuario_mantenimiento,
            fecha_modificacion   = now()
        where costeo_id = par_costeo_id;
        set resultado = 1;

    elseif par_accion = 4 then
        update bd_molino.costeo
            set costeo_factura_fecha_emision = par_factura_fecha_emision,
                costeo_factura_serie = par_factura_serie,
                costeo_factura_numero = par_factura_numero,
                costeo_factura_guia_remision = par_guia_remision,
                costeo_factura_generada = true,
                usuario_modificacion = par_usuario_mantenimiento,
                fecha_modificacion = now()
        where costeo_id = par_costeo_id;

        set resultado = 1;
    end if;
end ;;
DELIMITER ;
/*!50003 SET sql_mode              = @saved_sql_mode */ ;
/*!50003 SET character_set_client  = @saved_cs_client */ ;
/*!50003 SET character_set_results = @saved_cs_results */ ;
/*!50003 SET collation_connection  = @saved_col_connection */ ;
/*!50003 DROP PROCEDURE IF EXISTS `sp_costeo_obtener_por_id` */;
/*!50003 SET @saved_cs_client      = @@character_set_client */ ;
/*!50003 SET @saved_cs_results     = @@character_set_results */ ;
/*!50003 SET @saved_col_connection = @@collation_connection */ ;
/*!50003 SET character_set_client  = utf8 */ ;
/*!50003 SET character_set_results = utf8 */ ;
/*!50003 SET collation_connection  = utf8_general_ci */ ;
/*!50003 SET @saved_sql_mode       = @@sql_mode */ ;
/*!50003 SET sql_mode              = 'STRICT_TRANS_TABLES,NO_AUTO_CREATE_USER,NO_ENGINE_SUBSTITUTION' */ ;
DELIMITER ;;
CREATE DEFINER=`root`@`localhost` PROCEDURE `sp_costeo_obtener_por_id`(IN par_costeo_id int)
begin 
    select c.costeo_id,
           c.costeo_empresa_id,
           c.costeo_anio,
           c.costeo_semana,
           c.costeo_observaciones,
           c.costeo_estado,
           c.costeo_envio_id,
           c.costeo_fecha_tipo_cambio,
           c.costeo_tipo_cambio,
           c.costeo_precio_flete_viaje,
           c.costeo_factura_fecha_emision,
           c.costeo_factura_serie,
           c.costeo_factura_numero,
           c.costeo_factura_generada,
           c.costeo_factura_guia_remision,
           emp.empresa_id,
           emp.empresa_ruc,
           emp.empresa_razon_social,
           emp.empresa_estado,
           e.envio_id,
           e.envio_anio,
           e.envio_semana,
           e.envio_empresa_id,
           e.envio_fecha_produccion,
           e.envio_ccg,
           e.envio_mmi,
           e.envio_viajes
    from bd_molino.costeo c
        left join bd_molino.envio e
            on c.costeo_id = e.envio_costeo_id
        left join bd_molino.empresa emp
            on e.envio_empresa_id = emp.empresa_id
    where c.costeo_id = par_costeo_id
        and c.costeo_estado > -1;
end ;;
DELIMITER ;
/*!50003 SET sql_mode              = @saved_sql_mode */ ;
/*!50003 SET character_set_client  = @saved_cs_client */ ;
/*!50003 SET character_set_results = @saved_cs_results */ ;
/*!50003 SET collation_connection  = @saved_col_connection */ ;
/*!50003 DROP PROCEDURE IF EXISTS `sp_empresa_listar_todos` */;
/*!50003 SET @saved_cs_client      = @@character_set_client */ ;
/*!50003 SET @saved_cs_results     = @@character_set_results */ ;
/*!50003 SET @saved_col_connection = @@collation_connection */ ;
/*!50003 SET character_set_client  = utf8 */ ;
/*!50003 SET character_set_results = utf8 */ ;
/*!50003 SET collation_connection  = utf8_general_ci */ ;
/*!50003 SET @saved_sql_mode       = @@sql_mode */ ;
/*!50003 SET sql_mode              = 'STRICT_TRANS_TABLES,NO_AUTO_CREATE_USER,NO_ENGINE_SUBSTITUTION' */ ;
DELIMITER ;;
CREATE DEFINER=`root`@`localhost` PROCEDURE `sp_empresa_listar_todos`()
begin
    select empresa_id,
           empresa_ruc,
           empresa_razon_social,
           empresa_estado
    from bd_molino.empresa
    where empresa_estado = true
    order by empresa_razon_social;
end ;;
DELIMITER ;
/*!50003 SET sql_mode              = @saved_sql_mode */ ;
/*!50003 SET character_set_client  = @saved_cs_client */ ;
/*!50003 SET character_set_results = @saved_cs_results */ ;
/*!50003 SET collation_connection  = @saved_col_connection */ ;
/*!50003 DROP PROCEDURE IF EXISTS `sp_envio_adjunto_listar_por_envioid` */;
/*!50003 SET @saved_cs_client      = @@character_set_client */ ;
/*!50003 SET @saved_cs_results     = @@character_set_results */ ;
/*!50003 SET @saved_col_connection = @@collation_connection */ ;
/*!50003 SET character_set_client  = utf8 */ ;
/*!50003 SET character_set_results = utf8 */ ;
/*!50003 SET collation_connection  = utf8_general_ci */ ;
/*!50003 SET @saved_sql_mode       = @@sql_mode */ ;
/*!50003 SET sql_mode              = 'STRICT_TRANS_TABLES,NO_AUTO_CREATE_USER,NO_ENGINE_SUBSTITUTION' */ ;
DELIMITER ;;
CREATE DEFINER=`root`@`localhost` PROCEDURE `sp_envio_adjunto_listar_por_envioid`(IN par_envio_id int)
begin
    select ea.envio_adjunto_id,
           ea.envio_adjunto_nombre,
           ea.envio_adjunto_nombre_server,
           ea.envio_adjunto_tipo,
           ea.envio_adjunto_extension,
           ea.envio_adjunto_estado
    from bd_molino.envio_adjunto ea
    where ea.envio_adjunto_estado > -1
        and ea.envio_id = par_envio_id
    order by ea.envio_adjunto_nombre;
end ;;
DELIMITER ;
/*!50003 SET sql_mode              = @saved_sql_mode */ ;
/*!50003 SET character_set_client  = @saved_cs_client */ ;
/*!50003 SET character_set_results = @saved_cs_results */ ;
/*!50003 SET collation_connection  = @saved_col_connection */ ;
/*!50003 DROP PROCEDURE IF EXISTS `sp_envio_adjunto_mantenimiento` */;
/*!50003 SET @saved_cs_client      = @@character_set_client */ ;
/*!50003 SET @saved_cs_results     = @@character_set_results */ ;
/*!50003 SET @saved_col_connection = @@collation_connection */ ;
/*!50003 SET character_set_client  = utf8 */ ;
/*!50003 SET character_set_results = utf8 */ ;
/*!50003 SET collation_connection  = utf8_general_ci */ ;
/*!50003 SET @saved_sql_mode       = @@sql_mode */ ;
/*!50003 SET sql_mode              = 'STRICT_TRANS_TABLES,NO_AUTO_CREATE_USER,NO_ENGINE_SUBSTITUTION' */ ;
DELIMITER ;;
CREATE DEFINER=`root`@`localhost` PROCEDURE `sp_envio_adjunto_mantenimiento`(
    in par_envio_adjunto_id int,
    in par_nombre varchar(500),
    in par_nombre_server varchar(500),
    in par_tipo varchar(20),
    in par_extension varchar(5),
    in par_estado int,
    in par_envio_id int,
    in par_usuario_mantenimiento int,
    in par_accion int,
    out resultado int
)
begin 
    /*
        Accion:
        1 => insertar envio adjunto
        3 => eliminar envio adjunto
        
        Error:
        -1 => error al insertar envio adjunto
        -3 => error al eliminar envio adjunto
     */
    
    if par_accion = 1 then 
        set resultado = -1;
    elseif par_accion = 3 then
        set resultado = -3;
    end if;
    
    if par_accion = 1 then 
        set par_envio_adjunto_id = (select ifnull(max(envio_adjunto_id), 0) + 1 from bd_molino.envio_adjunto);
        
        insert into bd_molino.envio_adjunto(envio_adjunto_id, 
                                            envio_adjunto_nombre,
                                            envio_adjunto_nombre_server,
                                            envio_adjunto_tipo,
                                            envio_adjunto_extension,
                                            envio_adjunto_estado,
                                            envio_id,
                                            usuario_creacion,
                                            fecha_creacion)
        values (par_envio_adjunto_id,
                par_nombre,
                par_nombre_server,
                par_tipo,
                par_extension,
                par_estado,
                par_envio_id,
                par_usuario_mantenimiento,
                now());
        
        set resultado = 1;
        
    elseif par_accion = 3 then
        update bd_molino.envio_adjunto
            set envio_adjunto_estado = -1,
                usuario_modificacion = par_usuario_mantenimiento,
                fecha_modificacion = now()
        where envio_adjunto_id = par_envio_adjunto_id;
        
        set resultado = 1;
    end if;
end ;;
DELIMITER ;
/*!50003 SET sql_mode              = @saved_sql_mode */ ;
/*!50003 SET character_set_client  = @saved_cs_client */ ;
/*!50003 SET character_set_results = @saved_cs_results */ ;
/*!50003 SET collation_connection  = @saved_col_connection */ ;
/*!50003 DROP PROCEDURE IF EXISTS `sp_envio_contar_filtro` */;
/*!50003 SET @saved_cs_client      = @@character_set_client */ ;
/*!50003 SET @saved_cs_results     = @@character_set_results */ ;
/*!50003 SET @saved_col_connection = @@collation_connection */ ;
/*!50003 SET character_set_client  = utf8 */ ;
/*!50003 SET character_set_results = utf8 */ ;
/*!50003 SET collation_connection  = utf8_general_ci */ ;
/*!50003 SET @saved_sql_mode       = @@sql_mode */ ;
/*!50003 SET sql_mode              = 'STRICT_TRANS_TABLES,NO_AUTO_CREATE_USER,NO_ENGINE_SUBSTITUTION' */ ;
DELIMITER ;;
CREATE DEFINER=`root`@`localhost` PROCEDURE `sp_envio_contar_filtro`(IN par_desde date, IN par_hasta date,
                                                              IN par_empresa_id int, IN par_anio int, IN par_semana int,
                                                              IN par_estado int, OUT resultado int)
begin
    select count(1)
    into resultado
    from bd_molino.envio e
        left join bd_molino.empresa emp
            on e.envio_empresa_id = emp.empresa_id
    where (ifnull(par_anio, 0) = 0 or e.envio_anio = par_anio)
      and (ifnull(par_semana, 0) = 0 or e.envio_semana = par_semana)
      and (ifnull(par_empresa_id, 0) = 0 or e.envio_empresa_id = par_empresa_id)
      and e.envio_estado = 1
      and (e.envio_fecha_produccion between par_desde and par_hasta)
    order by e.envio_id desc, emp.empresa_razon_social, e.envio_anio desc, e.envio_semana desc;
end ;;
DELIMITER ;
/*!50003 SET sql_mode              = @saved_sql_mode */ ;
/*!50003 SET character_set_client  = @saved_cs_client */ ;
/*!50003 SET character_set_results = @saved_cs_results */ ;
/*!50003 SET collation_connection  = @saved_col_connection */ ;
/*!50003 DROP PROCEDURE IF EXISTS `sp_envio_detalle_contar_filtro` */;
/*!50003 SET @saved_cs_client      = @@character_set_client */ ;
/*!50003 SET @saved_cs_results     = @@character_set_results */ ;
/*!50003 SET @saved_col_connection = @@collation_connection */ ;
/*!50003 SET character_set_client  = utf8 */ ;
/*!50003 SET character_set_results = utf8 */ ;
/*!50003 SET collation_connection  = utf8_general_ci */ ;
/*!50003 SET @saved_sql_mode       = @@sql_mode */ ;
/*!50003 SET sql_mode              = 'STRICT_TRANS_TABLES,NO_AUTO_CREATE_USER,NO_ENGINE_SUBSTITUTION' */ ;
DELIMITER ;;
CREATE DEFINER=`root`@`localhost` PROCEDURE `sp_envio_detalle_contar_filtro`(
    in par_envio_id int,
    out resultado int
)
begin
    select count(1) into resultado
    from bd_molino.envio_detalle ed
        left join bd_molino.formula f
            on ed.envio_detalle_formula_id = f.formula_id
    where envio_id = par_envio_id;
end ;;
DELIMITER ;
/*!50003 SET sql_mode              = @saved_sql_mode */ ;
/*!50003 SET character_set_client  = @saved_cs_client */ ;
/*!50003 SET character_set_results = @saved_cs_results */ ;
/*!50003 SET collation_connection  = @saved_col_connection */ ;
/*!50003 DROP PROCEDURE IF EXISTS `sp_envio_detalle_listar_filtro` */;
/*!50003 SET @saved_cs_client      = @@character_set_client */ ;
/*!50003 SET @saved_cs_results     = @@character_set_results */ ;
/*!50003 SET @saved_col_connection = @@collation_connection */ ;
/*!50003 SET character_set_client  = utf8 */ ;
/*!50003 SET character_set_results = utf8 */ ;
/*!50003 SET collation_connection  = utf8_general_ci */ ;
/*!50003 SET @saved_sql_mode       = @@sql_mode */ ;
/*!50003 SET sql_mode              = 'STRICT_TRANS_TABLES,NO_AUTO_CREATE_USER,NO_ENGINE_SUBSTITUTION' */ ;
DELIMITER ;;
CREATE DEFINER=`root`@`localhost` PROCEDURE `sp_envio_detalle_listar_filtro`(
    in par_envio_id int,
    in par_tamanio int,
    in par_inicio int
)
begin
    select ed.envio_detalle_id,
           ed.envio_detalle_formula_id,
           ed.envio_id,
           ed.envio_detalle_estado,
           f.formula_id,
           f.formula_descripcion,
           f.formula_cantidad_producida
    from bd_molino.envio_detalle ed
        left join bd_molino.formula f
            on ed.envio_detalle_formula_id = f.formula_id
    where envio_id = par_envio_id
    limit par_tamanio offset par_inicio;
end ;;
DELIMITER ;
/*!50003 SET sql_mode              = @saved_sql_mode */ ;
/*!50003 SET character_set_client  = @saved_cs_client */ ;
/*!50003 SET character_set_results = @saved_cs_results */ ;
/*!50003 SET collation_connection  = @saved_col_connection */ ;
/*!50003 DROP PROCEDURE IF EXISTS `sp_envio_detalle_listar_por_envioid` */;
/*!50003 SET @saved_cs_client      = @@character_set_client */ ;
/*!50003 SET @saved_cs_results     = @@character_set_results */ ;
/*!50003 SET @saved_col_connection = @@collation_connection */ ;
/*!50003 SET character_set_client  = utf8 */ ;
/*!50003 SET character_set_results = utf8 */ ;
/*!50003 SET collation_connection  = utf8_general_ci */ ;
/*!50003 SET @saved_sql_mode       = @@sql_mode */ ;
/*!50003 SET sql_mode              = 'STRICT_TRANS_TABLES,NO_AUTO_CREATE_USER,NO_ENGINE_SUBSTITUTION' */ ;
DELIMITER ;;
CREATE DEFINER=`root`@`localhost` PROCEDURE `sp_envio_detalle_listar_por_envioid`(in par_envio_id int)
begin
    select ed.envio_detalle_id,
           ed.envio_detalle_formula_id,
           ed.envio_id,
           ed.envio_detalle_estado,
           f.formula_id,
           f.formula_descripcion,
           f.formula_cantidad_producida
    from bd_molino.envio_detalle ed
        left join bd_molino.formula f
            on ed.envio_detalle_formula_id = f.formula_id
    where envio_id = par_envio_id
        and envio_detalle_estado > -1;
end ;;
DELIMITER ;
/*!50003 SET sql_mode              = @saved_sql_mode */ ;
/*!50003 SET character_set_client  = @saved_cs_client */ ;
/*!50003 SET character_set_results = @saved_cs_results */ ;
/*!50003 SET collation_connection  = @saved_col_connection */ ;
/*!50003 DROP PROCEDURE IF EXISTS `sp_envio_listar_filtro` */;
/*!50003 SET @saved_cs_client      = @@character_set_client */ ;
/*!50003 SET @saved_cs_results     = @@character_set_results */ ;
/*!50003 SET @saved_col_connection = @@collation_connection */ ;
/*!50003 SET character_set_client  = utf8 */ ;
/*!50003 SET character_set_results = utf8 */ ;
/*!50003 SET collation_connection  = utf8_general_ci */ ;
/*!50003 SET @saved_sql_mode       = @@sql_mode */ ;
/*!50003 SET sql_mode              = 'STRICT_TRANS_TABLES,NO_AUTO_CREATE_USER,NO_ENGINE_SUBSTITUTION' */ ;
DELIMITER ;;
CREATE DEFINER=`root`@`localhost` PROCEDURE `sp_envio_listar_filtro`(IN par_desde date, IN par_hasta date,
                                                              IN par_empresa_id int, IN par_anio int, IN par_semana int,
                                                              IN par_estado int, IN par_tamanio int, IN par_inicio int)
begin
    select e.envio_id,
           e.envio_anio,
           e.envio_semana,
           e.envio_fecha_produccion,
           e.envio_ccg,
           e.envio_mmi,
           e.envio_viajes,
           e.envio_observaciones,
           e.envio_estado,
           e.envio_costeo_id,
           emp.empresa_id,
           emp.empresa_ruc,
           emp.empresa_razon_social,
           emp.empresa_estado
    from bd_molino.envio e
        left join bd_molino.empresa emp
            on e.envio_empresa_id = emp.empresa_id
    where (ifnull(par_anio, 0) = 0 or e.envio_anio = par_anio)
      and (ifnull(par_semana, 0) = 0 or e.envio_semana = par_semana)
      and (ifnull(par_empresa_id, 0) = 0 or e.envio_empresa_id = par_empresa_id)
      and e.envio_estado = 1
      and (e.envio_fecha_produccion between par_desde and par_hasta)
    order by e.envio_id desc, emp.empresa_razon_social, e.envio_anio desc, e.envio_semana desc
    limit par_tamanio offset par_inicio;
end ;;
DELIMITER ;
/*!50003 SET sql_mode              = @saved_sql_mode */ ;
/*!50003 SET character_set_client  = @saved_cs_client */ ;
/*!50003 SET character_set_results = @saved_cs_results */ ;
/*!50003 SET collation_connection  = @saved_col_connection */ ;
/*!50003 DROP PROCEDURE IF EXISTS `sp_envio_mantenimiento` */;
/*!50003 SET @saved_cs_client      = @@character_set_client */ ;
/*!50003 SET @saved_cs_results     = @@character_set_results */ ;
/*!50003 SET @saved_col_connection = @@collation_connection */ ;
/*!50003 SET character_set_client  = utf8 */ ;
/*!50003 SET character_set_results = utf8 */ ;
/*!50003 SET collation_connection  = utf8_general_ci */ ;
/*!50003 SET @saved_sql_mode       = @@sql_mode */ ;
/*!50003 SET sql_mode              = 'STRICT_TRANS_TABLES,NO_AUTO_CREATE_USER,NO_ENGINE_SUBSTITUTION' */ ;
DELIMITER ;;
CREATE DEFINER=`root`@`localhost` PROCEDURE `sp_envio_mantenimiento`(IN par_envio_id int, IN par_empresa_id int,
                                                              IN par_anio int, IN par_semana int,
                                                              IN par_fecha_produccion date, IN par_ccg decimal(12, 5),
                                                              IN par_mmi decimal(12, 5), IN par_viajes decimal(12, 5),
                                                              IN par_observaciones varchar(500), IN par_estado int,
                                                              IN par_usuario_mantenimiento int,
                                                              IN par_costeo_fecha_tipo_cambio date,
                                                              IN par_costeo_tipo_cambio decimal(12, 5),
                                                              IN par_costeo_precio_flete_viaje decimal(12, 5),
                                                              IN par_accion int, OUT resultado int)
begin
    /*
        Acciones:
        1 => insertar envio
        2 => actualizar envio
        3 => eliminar envio
        4 => generar costeo desde envio

        Errores:
        -1 => error al insertar envio
        -2 => error al actualizar envio
        -3 => error al eliminar envio
        -4 => error al generar costeo desde envio

     */

    declare fin integer default 0;
    declare var_formula_id int;
    declare var_cantidad_producida decimal(12, 5);
    declare var_envio_detalle_id int;

    declare cur_formulas cursor for
        select formula_id,
               formula_cantidad_producida
        from bd_molino.formula
        where formula_anio = par_anio
          and formula_semana = par_semana
          and formula_estado = 1;
    declare continue handler for not found set fin = 1;

    if par_accion = 1 then
        set resultado = -1;
    elseif par_accion = 2 then
        set resultado = -2;
    elseif par_accion = 3 then
        set resultado = -3;
    elseif par_accion = 4 then
        set resultado = -4;
    end if;

    if par_accion = 1 then
        set par_envio_id = (select ifnull(max(envio_id), 0) + 1 from bd_molino.envio);

        insert into bd_molino.envio(envio_id,
                                    envio_empresa_id,
                                    envio_anio,
                                    envio_semana,
                                    envio_fecha_produccion,
                                    envio_ccg,
                                    envio_mmi,
                                    envio_viajes,
                                    envio_observaciones,
                                    envio_estado,
                                    usuario_creacion,
                                    fecha_creacion)
        values (par_envio_id,
                par_empresa_id,
                par_anio,
                par_semana,
                par_fecha_produccion,
                par_ccg,
                par_mmi,
                par_viajes,
                par_observaciones,
                par_estado,
                par_usuario_mantenimiento,
                now());

        open cur_formulas;
        get_detalles:
        loop
            fetch cur_formulas into var_formula_id, var_cantidad_producida;
            if fin = 1 then
                leave get_detalles;
            end if;

            set var_envio_detalle_id = (select ifnull(max(envio_detalle_id), 0) + 1 from bd_molino.envio_detalle);

            insert into bd_molino.envio_detalle(envio_detalle_id,
                                                envio_detalle_formula_id,
                                                envio_id,
                                                envio_detalle_estado,
                                                usuario_creacion,
                                                fecha_creacion)
                value (var_envio_detalle_id,
                       var_formula_id,
                       par_envio_id,
                       1,
                       par_usuario_mantenimiento,
                       now());
        end loop get_detalles;

        set resultado = par_envio_id;

    elseif par_accion = 2 then
        update bd_molino.envio
        set envio_anio             = par_anio,
            envio_semana           = par_semana,
            envio_fecha_produccion = par_fecha_produccion,
            envio_ccg              = par_ccg,
            envio_mmi              = par_mmi,
            envio_viajes           = par_viajes,
            envio_observaciones    = par_observaciones,
            usuario_modificacion   = par_usuario_mantenimiento,
            fecha_modificacion     = now()
        where envio_id = par_envio_id;

        set resultado = 1;

    elseif par_accion = 3 then
        update bd_molino.envio
        set envio_estado         = -1,
            usuario_modificacion = par_usuario_mantenimiento,
            fecha_modificacion   = now()
        where envio_id = par_envio_id;

        update bd_molino.envio_detalle
        set envio_detalle_estado = -1,
            usuario_modificacion = par_usuario_mantenimiento,
            fecha_modificacion   = now()
        where envio_id = par_envio_id;

        update bd_molino.costeo
        set costeo_estado        = -1,
            usuario_modificacion = par_usuario_mantenimiento,
            fecha_modificacion   = now()
        where costeo_envio_id = par_envio_id;

        update bd_molino.costeo_detalle cd, bd_molino.costeo c
        set cd.costeo_detalle_estado = -1,
            cd.usuario_modificacion  = par_usuario_mantenimiento,
            cd.fecha_modificacion    = now()
        where cd.costeo_id = c.costeo_id
          and c.costeo_envio_id = par_envio_id;

        update bd_molino.formula f, bd_molino.envio_detalle ed
        set f.formula_estado       = 1,
            f.usuario_modificacion = par_usuario_mantenimiento,
            f.fecha_modificacion   = now()
        where f.formula_id = ed.envio_detalle_formula_id
          and ed.envio_id = par_envio_id;

        set resultado = 1;

    elseif par_accion = 4 then
        set @var_costeo_id = (select ifnull(max(costeo_id), 0) + 1 from bd_molino.costeo);

        insert into bd_molino.costeo(costeo_id,
                                     costeo_fecha_tipo_cambio,
                                     costeo_tipo_cambio,
                                     costeo_precio_flete_viaje,
                                     costeo_envio_id,
                                     costeo_estado,
                                     usuario_creacion,
                                     fecha_creacion)
        values (@var_costeo_id,
                par_costeo_fecha_tipo_cambio,
                par_costeo_tipo_cambio,
                par_costeo_precio_flete_viaje,
                par_envio_id,
                1,
                par_usuario_mantenimiento,
                now());

        update bd_molino.envio
        set envio_costeo_id      = @var_costeo_id,
            usuario_modificacion = par_usuario_mantenimiento,
            fecha_modificacion   = now()
        where envio_id = par_envio_id;

        set resultado = @var_costeo_id;
    end if;
end ;;
DELIMITER ;
/*!50003 SET sql_mode              = @saved_sql_mode */ ;
/*!50003 SET character_set_client  = @saved_cs_client */ ;
/*!50003 SET character_set_results = @saved_cs_results */ ;
/*!50003 SET collation_connection  = @saved_col_connection */ ;
/*!50003 DROP PROCEDURE IF EXISTS `sp_envio_obtener_por_id` */;
/*!50003 SET @saved_cs_client      = @@character_set_client */ ;
/*!50003 SET @saved_cs_results     = @@character_set_results */ ;
/*!50003 SET @saved_col_connection = @@collation_connection */ ;
/*!50003 SET character_set_client  = utf8 */ ;
/*!50003 SET character_set_results = utf8 */ ;
/*!50003 SET collation_connection  = utf8_general_ci */ ;
/*!50003 SET @saved_sql_mode       = @@sql_mode */ ;
/*!50003 SET sql_mode              = 'STRICT_TRANS_TABLES,NO_AUTO_CREATE_USER,NO_ENGINE_SUBSTITUTION' */ ;
DELIMITER ;;
CREATE DEFINER=`root`@`localhost` PROCEDURE `sp_envio_obtener_por_id`(IN par_envio_id int)
begin
    select e.envio_id,
           e.envio_anio,
           e.envio_semana,
           e.envio_fecha_produccion,
           e.envio_ccg,
           e.envio_mmi,
           e.envio_viajes,
           e.envio_observaciones,
           e.envio_estado,
           e.envio_costeo_id,
           emp.empresa_id,
           emp.empresa_ruc,
           emp.empresa_razon_social,
           emp.empresa_estado
    from bd_molino.envio e
        left join bd_molino.empresa emp
            on e.envio_empresa_id = emp.empresa_id
    where e.envio_id = par_envio_id
        and e.envio_estado > 0;
end ;;
DELIMITER ;
/*!50003 SET sql_mode              = @saved_sql_mode */ ;
/*!50003 SET character_set_client  = @saved_cs_client */ ;
/*!50003 SET character_set_results = @saved_cs_results */ ;
/*!50003 SET collation_connection  = @saved_col_connection */ ;
/*!50003 DROP PROCEDURE IF EXISTS `sp_formula_contar_filtro` */;
/*!50003 SET @saved_cs_client      = @@character_set_client */ ;
/*!50003 SET @saved_cs_results     = @@character_set_results */ ;
/*!50003 SET @saved_col_connection = @@collation_connection */ ;
/*!50003 SET character_set_client  = utf8 */ ;
/*!50003 SET character_set_results = utf8 */ ;
/*!50003 SET collation_connection  = utf8_general_ci */ ;
/*!50003 SET @saved_sql_mode       = @@sql_mode */ ;
/*!50003 SET sql_mode              = 'STRICT_TRANS_TABLES,NO_AUTO_CREATE_USER,NO_ENGINE_SUBSTITUTION' */ ;
DELIMITER ;;
CREATE DEFINER=`root`@`localhost` PROCEDURE `sp_formula_contar_filtro`(IN par_codigo varchar(50),
                                                                IN par_descripcion varchar(250), IN par_empresa_id int,
                                                                IN par_anio int, IN par_semana int,
                                                                IN par_tipo varchar(1), IN par_estado int,
                                                                OUT resultado int)
begin
    select count(1) into resultado
    from bd_molino.formula f
        join bd_molino.empresa e
            on f.formula_empresa_id = e.empresa_id
    where (ifnull(par_codigo, '') = '' or f.formula_codigo regexp par_codigo)
        and (upper(ifnull(par_descripcion, '')) = '' or f.formula_descripcion regexp par_descripcion)
        and (ifnull(par_empresa_id, 0) = 0 or f.formula_empresa_id = par_empresa_id)
        and (ifnull(par_anio, 0) = 0 or f.formula_anio = par_anio)
        and (ifnull(par_semana, 0) = 0 or f.formula_semana = par_semana)
        and (ifnull(par_tipo, '') = '' or f.formula_tipo = par_tipo)
        and (f.formula_estado > 0)
    order by f.formula_anio desc, f.formula_semana desc, e.empresa_razon_social, f.formula_codigo, f.formula_descripcion;
end ;;
DELIMITER ;
/*!50003 SET sql_mode              = @saved_sql_mode */ ;
/*!50003 SET character_set_client  = @saved_cs_client */ ;
/*!50003 SET character_set_results = @saved_cs_results */ ;
/*!50003 SET collation_connection  = @saved_col_connection */ ;
/*!50003 DROP PROCEDURE IF EXISTS `sp_formula_detalle_contar_filtro` */;
/*!50003 SET @saved_cs_client      = @@character_set_client */ ;
/*!50003 SET @saved_cs_results     = @@character_set_results */ ;
/*!50003 SET @saved_col_connection = @@collation_connection */ ;
/*!50003 SET character_set_client  = utf8 */ ;
/*!50003 SET character_set_results = utf8 */ ;
/*!50003 SET collation_connection  = utf8_general_ci */ ;
/*!50003 SET @saved_sql_mode       = @@sql_mode */ ;
/*!50003 SET sql_mode              = 'STRICT_TRANS_TABLES,NO_AUTO_CREATE_USER,NO_ENGINE_SUBSTITUTION' */ ;
DELIMITER ;;
CREATE DEFINER=`root`@`localhost` PROCEDURE `sp_formula_detalle_contar_filtro`(IN par_formulaid int, OUT resultado int)
begin
    select count(1) into resultado
    from bd_molino.formula_detalle fd
        left join bd_molino.vw_articulo a
            on fd.formula_detalle_articulo_id = a.articulo_id
        left join bd_molino.vw_unidad_medida um
            on a.unidadmedida_id = um.unidadmedida_id
    where fd.formula_id = par_formulaid
        and fd.formula_detalle_estado = 1;
end ;;
DELIMITER ;
/*!50003 SET sql_mode              = @saved_sql_mode */ ;
/*!50003 SET character_set_client  = @saved_cs_client */ ;
/*!50003 SET character_set_results = @saved_cs_results */ ;
/*!50003 SET collation_connection  = @saved_col_connection */ ;
/*!50003 DROP PROCEDURE IF EXISTS `sp_formula_detalle_listar_filtro` */;
/*!50003 SET @saved_cs_client      = @@character_set_client */ ;
/*!50003 SET @saved_cs_results     = @@character_set_results */ ;
/*!50003 SET @saved_col_connection = @@collation_connection */ ;
/*!50003 SET character_set_client  = utf8 */ ;
/*!50003 SET character_set_results = utf8 */ ;
/*!50003 SET collation_connection  = utf8_general_ci */ ;
/*!50003 SET @saved_sql_mode       = @@sql_mode */ ;
/*!50003 SET sql_mode              = 'STRICT_TRANS_TABLES,NO_AUTO_CREATE_USER,NO_ENGINE_SUBSTITUTION' */ ;
DELIMITER ;;
CREATE DEFINER=`root`@`localhost` PROCEDURE `sp_formula_detalle_listar_filtro`(IN par_formulaid int, IN par_tamanio int, IN par_inicio int)
begin
    select fd.formula_detalle_id,
           fd.formula_detalle_secuencia,
           fd.formula_detalle_articulo_id,
           fd.formula_detalle_precio,
           fd.formula_detalle_flete,
           fd.formula_detalle_cantidad,
           fd.formula_detalle_observaciones,
           fd.formula_detalle_estado,
           a.articulo_id,
           a.subfamilia_id,
           a.articulo_codigo,
           a.articulo_descripcion,
           a.unidadmedida_id,
           a.articulo_codigo2,
           a.articulo_descripcion2,
           a.unidadmedida_id_2,
           a.articulo_sujetodetraccion,
           a.articulo_porcentajedetraccion,
           a.articulo_codigodetraccion,
           a.articulo_observacion,
           um.unidadmedida_id,
           um.unidadmedida_codigo,
           um.unidadmedida_descripcion
    from bd_molino.formula_detalle fd
        left join bd_molino.vw_articulo a
            on fd.formula_detalle_articulo_id = a.articulo_id
        left join bd_molino.vw_unidad_medida um
            on a.unidadmedida_id = um.unidadmedida_id
    where fd.formula_id = par_formulaid
        and fd.formula_detalle_estado = 1
    order by a.articulo_descripcion
    limit par_tamanio offset par_inicio;
end ;;
DELIMITER ;
/*!50003 SET sql_mode              = @saved_sql_mode */ ;
/*!50003 SET character_set_client  = @saved_cs_client */ ;
/*!50003 SET character_set_results = @saved_cs_results */ ;
/*!50003 SET collation_connection  = @saved_col_connection */ ;
/*!50003 DROP PROCEDURE IF EXISTS `sp_formula_detalle_listar_por_formulaid` */;
/*!50003 SET @saved_cs_client      = @@character_set_client */ ;
/*!50003 SET @saved_cs_results     = @@character_set_results */ ;
/*!50003 SET @saved_col_connection = @@collation_connection */ ;
/*!50003 SET character_set_client  = utf8 */ ;
/*!50003 SET character_set_results = utf8 */ ;
/*!50003 SET collation_connection  = utf8_general_ci */ ;
/*!50003 SET @saved_sql_mode       = @@sql_mode */ ;
/*!50003 SET sql_mode              = 'STRICT_TRANS_TABLES,NO_AUTO_CREATE_USER,NO_ENGINE_SUBSTITUTION' */ ;
DELIMITER ;;
CREATE DEFINER=`root`@`localhost` PROCEDURE `sp_formula_detalle_listar_por_formulaid`(IN par_formula_id int)
begin 
    select fd.formula_detalle_id,
           fd.formula_detalle_secuencia,
           fd.formula_detalle_articulo_id,
           fd.formula_detalle_precio,
           fd.formula_detalle_flete,
           fd.formula_detalle_cantidad,
           fd.formula_detalle_observaciones,
           fd.formula_detalle_estado,
           a.articulo_id,
           a.subfamilia_id,
           a.articulo_codigo,
           a.articulo_descripcion,
           a.unidadmedida_id,
           a.articulo_codigo2,
           a.articulo_descripcion2,
           a.unidadmedida_id_2,
           a.articulo_sujetodetraccion,
           a.articulo_porcentajedetraccion,
           a.articulo_codigodetraccion,
           a.articulo_observacion,
           um.unidadmedida_id,
           um.unidadmedida_codigo,
           um.unidadmedida_descripcion
    from bd_molino.formula_detalle fd
        left join bd_molino.vw_articulo a
            on fd.formula_detalle_articulo_id = a.articulo_id
        left join bd_molino.vw_unidad_medida um
            on a.unidadmedida_id = um.unidadmedida_id
    where fd.formula_id = par_formula_id
        and fd.formula_detalle_estado = 1;
end ;;
DELIMITER ;
/*!50003 SET sql_mode              = @saved_sql_mode */ ;
/*!50003 SET character_set_client  = @saved_cs_client */ ;
/*!50003 SET character_set_results = @saved_cs_results */ ;
/*!50003 SET collation_connection  = @saved_col_connection */ ;
/*!50003 DROP PROCEDURE IF EXISTS `sp_formula_detalle_mantenimiento` */;
/*!50003 SET @saved_cs_client      = @@character_set_client */ ;
/*!50003 SET @saved_cs_results     = @@character_set_results */ ;
/*!50003 SET @saved_col_connection = @@collation_connection */ ;
/*!50003 SET character_set_client  = utf8 */ ;
/*!50003 SET character_set_results = utf8 */ ;
/*!50003 SET collation_connection  = utf8_general_ci */ ;
/*!50003 SET @saved_sql_mode       = @@sql_mode */ ;
/*!50003 SET sql_mode              = 'STRICT_TRANS_TABLES,NO_AUTO_CREATE_USER,NO_ENGINE_SUBSTITUTION' */ ;
DELIMITER ;;
CREATE DEFINER=`root`@`localhost` PROCEDURE `sp_formula_detalle_mantenimiento`(IN par_formula_detalle_id int,
                                                                        IN par_detalle_secuencia int,
                                                                        IN par_detalle_articulo_id int,
                                                                        IN par_detalle_precio decimal(12, 5),
                                                                        IN par_detalle_flete decimal(12, 5),
                                                                        IN par_detalle_cantidad decimal(12, 5),
                                                                        IN par_detalle_observaciones varchar(250),
                                                                        IN par_formula_id int,
                                                                        IN par_detalle_estado int,
                                                                        IN par_usuario_mantenimiento int,
                                                                        IN par_anio int, IN par_semana int,
                                                                        IN par_accion int, OUT resultado int)
begin
    /*
        Acciones:
        1 => insertar formula detalle
        2 => actualizar formula detalle
        3 => eliminar formula detalle
        4 => (no usado)
        5 => actualizar precios

        Errores:
        -1 => error al insertar formula detalle
        -2 => error al actualizar formula detalle
        -3 => error al eliminar formula detalle
        -4 => error al insertar, actualizar o eliminar formula detalle, porque la formula esta siendo utilizada
        -5 => error al actualizar precios
     */

    if par_accion = 1 then 
        set resultado = -1;
    elseif par_accion = 2 then
        set resultado = -2;
    elseif par_accion = 3 then
        set resultado = -3;
    elseif par_accion = 5 then
        set resultado = -5;
    end if;

    set @formulaEstado = (select formula_estado from bd_molino.formula where formula_id = par_formula_id);

    if @formulaEstado = 2 then
        set resultado = -4;
    else
        if par_accion = 1 then
        set par_formula_detalle_id = (select ifnull(max(formula_detalle_id), 0) + 1 from bd_molino.formula_detalle);
        insert into bd_molino.formula_detalle(formula_detalle_id,
                                              formula_detalle_secuencia,
                                              formula_detalle_articulo_id,
                                              formula_detalle_precio,
                                              formula_detalle_flete,
                                              formula_detalle_cantidad,
                                              formula_detalle_observaciones,
                                              formula_id,
                                              formula_detalle_estado,
                                              usuario_creacion,
                                              fecha_creacion)
        values (par_formula_detalle_id,
                par_detalle_secuencia,
                par_detalle_articulo_id,
                par_detalle_precio,
                par_detalle_flete,
                par_detalle_cantidad,
                par_detalle_observaciones,
                par_formula_id,
                par_detalle_estado,
                par_usuario_mantenimiento,
                now());
        set resultado = par_formula_detalle_id;

        elseif par_accion = 2 then
            update bd_molino.formula_detalle
            set formula_detalle_articulo_id = par_detalle_articulo_id,
                formula_detalle_cantidad = par_detalle_cantidad,
                formula_detalle_precio = par_detalle_precio,
                formula_detalle_flete = par_detalle_flete,
                formula_detalle_observaciones = par_detalle_observaciones,
                usuario_modificacion = par_usuario_mantenimiento,
                fecha_modificacion = now()
            where formula_detalle_id = par_formula_detalle_id;
            set resultado = 1;

        elseif par_accion = 3 then
            update bd_molino.formula_detalle
                set formula_detalle_estado = -1,
                    usuario_modificacion = par_usuario_mantenimiento,
                    fecha_modificacion = now()
            where formula_detalle_id = par_formula_detalle_id;
            set resultado = 1;

        elseif par_accion = 5 then
            update bd_molino.formula_detalle
            set formula_detalle_precio = par_detalle_precio,
                formula_detalle_flete = par_detalle_flete,
                usuario_modificacion = par_usuario_mantenimiento,
                fecha_modificacion = now()
            where formula_detalle_id = par_formula_detalle_id;
                
            update bd_molino.formula_detalle fd, bd_molino.formula f
            set fd.formula_detalle_precio = par_detalle_precio,
                fd.formula_detalle_flete = par_detalle_flete,
                fd.usuario_modificacion = par_usuario_mantenimiento,
                fd.fecha_modificacion = now()
            where fd.formula_detalle_articulo_id = par_detalle_articulo_id and
                  f.formula_id = fd.formula_id and
                  f.formula_anio = par_anio and
                  f.formula_semana = par_semana and
                  f.formula_estado != 2;

            set resultado = 1;
        end if;
    end if;
end ;;
DELIMITER ;
/*!50003 SET sql_mode              = @saved_sql_mode */ ;
/*!50003 SET character_set_client  = @saved_cs_client */ ;
/*!50003 SET character_set_results = @saved_cs_results */ ;
/*!50003 SET collation_connection  = @saved_col_connection */ ;
/*!50003 DROP PROCEDURE IF EXISTS `sp_formula_detalle_obtener_por_id` */;
/*!50003 SET @saved_cs_client      = @@character_set_client */ ;
/*!50003 SET @saved_cs_results     = @@character_set_results */ ;
/*!50003 SET @saved_col_connection = @@collation_connection */ ;
/*!50003 SET character_set_client  = utf8 */ ;
/*!50003 SET character_set_results = utf8 */ ;
/*!50003 SET collation_connection  = utf8_general_ci */ ;
/*!50003 SET @saved_sql_mode       = @@sql_mode */ ;
/*!50003 SET sql_mode              = 'STRICT_TRANS_TABLES,NO_AUTO_CREATE_USER,NO_ENGINE_SUBSTITUTION' */ ;
DELIMITER ;;
CREATE DEFINER=`root`@`localhost` PROCEDURE `sp_formula_detalle_obtener_por_id`(IN par_formula_detalle_id int)
begin
    select fd.formula_detalle_id,
           fd.formula_detalle_secuencia,
           fd.formula_detalle_articulo_id,
           fd.formula_detalle_cantidad,
           fd.formula_detalle_precio,
           fd.formula_detalle_flete,
           fd.formula_detalle_observaciones,
           fd.formula_id,
           fd.formula_detalle_estado,
           a.articulo_id,
           a.subfamilia_id,
           a.articulo_codigo,
           a.articulo_descripcion,
           a.unidadmedida_id,
           a.articulo_codigo2,
           a.articulo_descripcion2,
           a.unidadmedida_id_2,
           a.articulo_sujetodetraccion,
           a.articulo_porcentajedetraccion,
           a.articulo_codigodetraccion,
           a.articulo_observacion,
           um.unidadmedida_id,
           um.unidadmedida_codigo,
           um.unidadmedida_descripcion
    from bd_molino.formula_detalle fd
        left join bd_molino.vw_articulo a
            on fd.formula_detalle_articulo_id = a.articulo_id
        left join bd_molino.vw_unidad_medida um
            on a.unidadmedida_id = um.unidadmedida_id
    where fd.formula_detalle_id = par_formula_detalle_id;
end ;;
DELIMITER ;
/*!50003 SET sql_mode              = @saved_sql_mode */ ;
/*!50003 SET character_set_client  = @saved_cs_client */ ;
/*!50003 SET character_set_results = @saved_cs_results */ ;
/*!50003 SET collation_connection  = @saved_col_connection */ ;
/*!50003 DROP PROCEDURE IF EXISTS `sp_formula_detalle_plantilla_listar_por_formulaid` */;
/*!50003 SET @saved_cs_client      = @@character_set_client */ ;
/*!50003 SET @saved_cs_results     = @@character_set_results */ ;
/*!50003 SET @saved_col_connection = @@collation_connection */ ;
/*!50003 SET character_set_client  = utf8 */ ;
/*!50003 SET character_set_results = utf8 */ ;
/*!50003 SET collation_connection  = utf8_general_ci */ ;
/*!50003 SET @saved_sql_mode       = @@sql_mode */ ;
/*!50003 SET sql_mode              = 'STRICT_TRANS_TABLES,NO_AUTO_CREATE_USER,NO_ENGINE_SUBSTITUTION' */ ;
DELIMITER ;;
CREATE DEFINER=`root`@`localhost` PROCEDURE `sp_formula_detalle_plantilla_listar_por_formulaid`(par_formula_id int)
begin
    select fd.formula_detalle_id,
           fd.formula_detalle_secuencia,
           fd.formula_detalle_articulo_id,
           fd.formula_detalle_precio,
           fd.formula_detalle_flete,
           fd.formula_detalle_cantidad,
           fd.formula_detalle_observaciones,
           fd.formula_detalle_estado,
           a.articulo_id,
           a.subfamilia_id,
           a.articulo_codigo,
           a.articulo_descripcion,
           a.unidadmedida_id,
           a.articulo_codigo2,
           a.articulo_descripcion2,
           a.unidadmedida_id_2,
           a.articulo_sujetodetraccion,
           a.articulo_porcentajedetraccion,
           a.articulo_codigodetraccion,
           a.articulo_observacion,
           um.unidadmedida_id,
           um.unidadmedida_codigo,
           um.unidadmedida_descripcion,
           pre.precio_id,
           pre.precio_anio,
           pre.precio_semana,
           pre.precio_articulo_id,
           pre.precio_valor,
           pre.precio_flete_valor,
           pre.precio_actual,
           pre.precio_estado
    from bd_molino.formula_detalle fd
        left join bd_molino.vw_articulo a
            on fd.formula_detalle_articulo_id = a.articulo_id
        left join bd_molino.vw_unidad_medida um
            on a.unidadmedida_id = um.unidadmedida_id
        left join bd_molino.precio pre
            on a.articulo_id = pre.precio_articulo_id
                and pre.precio_actual = 1
    where fd.formula_id = par_formula_id
        and fd.formula_detalle_estado = 1;
end ;;
DELIMITER ;
/*!50003 SET sql_mode              = @saved_sql_mode */ ;
/*!50003 SET character_set_client  = @saved_cs_client */ ;
/*!50003 SET character_set_results = @saved_cs_results */ ;
/*!50003 SET collation_connection  = @saved_col_connection */ ;
/*!50003 DROP PROCEDURE IF EXISTS `sp_formula_listar_filtro` */;
/*!50003 SET @saved_cs_client      = @@character_set_client */ ;
/*!50003 SET @saved_cs_results     = @@character_set_results */ ;
/*!50003 SET @saved_col_connection = @@collation_connection */ ;
/*!50003 SET character_set_client  = utf8 */ ;
/*!50003 SET character_set_results = utf8 */ ;
/*!50003 SET collation_connection  = utf8_general_ci */ ;
/*!50003 SET @saved_sql_mode       = @@sql_mode */ ;
/*!50003 SET sql_mode              = 'STRICT_TRANS_TABLES,NO_AUTO_CREATE_USER,NO_ENGINE_SUBSTITUTION' */ ;
DELIMITER ;;
CREATE DEFINER=`root`@`localhost` PROCEDURE `sp_formula_listar_filtro`(IN par_codigo varchar(50),
                                                                IN par_descripcion varchar(250), IN par_empresa_id int,
                                                                IN par_anio int, IN par_semana int,
                                                                IN par_tipo varchar(1), IN par_estado int,
                                                                IN par_tamanio int, IN par_inicio int)
begin
    select f.formula_id,
           f.formula_codigo,
           f.formula_etapa,
           f.formula_descripcion,
           f.formula_empresa_id,
           f.formula_cantidad,
           f.formula_observaciones,
           f.formula_parent_id,
           f.formula_semana,
           f.formula_anio,
           f.formula_tipo,
           f.formula_estado,
           e.empresa_id,
           e.empresa_ruc,
           e.empresa_razon_social,
           e.empresa_estado
    from bd_molino.formula f
        join bd_molino.empresa e
            on f.formula_empresa_id = e.empresa_id
    where (ifnull(par_codigo, '') = '' or f.formula_codigo regexp par_codigo)
        and (upper(ifnull(par_descripcion, '')) = '' or f.formula_descripcion regexp par_descripcion)
        and (ifnull(par_empresa_id, 0) = 0 or f.formula_empresa_id = par_empresa_id)
        and (ifnull(par_anio, 0) = 0 or f.formula_anio = par_anio)
        and (ifnull(par_semana, 0) = 0 or f.formula_semana = par_semana)
        and (ifnull(par_tipo, '') = '' or f.formula_tipo = par_tipo)
        and (f.formula_estado > 0)
    order by f.formula_anio desc, f.formula_semana desc, e.empresa_razon_social, f.formula_codigo, f.formula_descripcion
    limit par_tamanio offset par_inicio;
end ;;
DELIMITER ;
/*!50003 SET sql_mode              = @saved_sql_mode */ ;
/*!50003 SET character_set_client  = @saved_cs_client */ ;
/*!50003 SET character_set_results = @saved_cs_results */ ;
/*!50003 SET collation_connection  = @saved_col_connection */ ;
/*!50003 DROP PROCEDURE IF EXISTS `sp_formula_listar_todos` */;
/*!50003 SET @saved_cs_client      = @@character_set_client */ ;
/*!50003 SET @saved_cs_results     = @@character_set_results */ ;
/*!50003 SET @saved_col_connection = @@collation_connection */ ;
/*!50003 SET character_set_client  = utf8 */ ;
/*!50003 SET character_set_results = utf8 */ ;
/*!50003 SET collation_connection  = utf8_general_ci */ ;
/*!50003 SET @saved_sql_mode       = @@sql_mode */ ;
/*!50003 SET sql_mode              = 'STRICT_TRANS_TABLES,NO_AUTO_CREATE_USER,NO_ENGINE_SUBSTITUTION' */ ;
DELIMITER ;;
CREATE DEFINER=`root`@`localhost` PROCEDURE `sp_formula_listar_todos`(IN par_tipo varchar(1), IN par_estado int,
                                                               IN par_anio int, IN par_semana int)
begin
    select f.formula_id,
           f.formula_codigo,
           f.formula_etapa,
           f.formula_descripcion,
           f.formula_cantidad_producida,
           f.formula_empresa_id,
           f.formula_cantidad,
           f.formula_observaciones,
           f.formula_parent_id,
           f.formula_semana,
           f.formula_anio,
           f.formula_tipo,
           f.formula_estado,
           e.empresa_id,
           e.empresa_ruc,
           e.empresa_razon_social,
           e.empresa_estado
    from bd_molino.formula f
        left join bd_molino.empresa e
            on f.formula_empresa_id = e.empresa_id
    where (ifnull(par_tipo, '') = '' or f.formula_tipo = par_tipo)
        and (f.formula_estado > 0)
        and (ifnull(par_anio, 0) = 0 or f.formula_anio = par_anio)
        and (ifnull(par_semana, 0) = 0 or f.formula_semana = par_semana)
    order by e.empresa_razon_social, f.formula_codigo, f.formula_descripcion;

end ;;
DELIMITER ;
/*!50003 SET sql_mode              = @saved_sql_mode */ ;
/*!50003 SET character_set_client  = @saved_cs_client */ ;
/*!50003 SET character_set_results = @saved_cs_results */ ;
/*!50003 SET collation_connection  = @saved_col_connection */ ;
/*!50003 DROP PROCEDURE IF EXISTS `sp_formula_mantenimiento` */;
/*!50003 SET @saved_cs_client      = @@character_set_client */ ;
/*!50003 SET @saved_cs_results     = @@character_set_results */ ;
/*!50003 SET @saved_col_connection = @@collation_connection */ ;
/*!50003 SET character_set_client  = utf8 */ ;
/*!50003 SET character_set_results = utf8 */ ;
/*!50003 SET collation_connection  = utf8_general_ci */ ;
/*!50003 SET @saved_sql_mode       = @@sql_mode */ ;
/*!50003 SET sql_mode              = 'STRICT_TRANS_TABLES,NO_AUTO_CREATE_USER,NO_ENGINE_SUBSTITUTION' */ ;
DELIMITER ;;
CREATE DEFINER=`root`@`localhost` PROCEDURE `sp_formula_mantenimiento`(IN par_formula_id int, IN par_codigo varchar(50),
                                                                IN par_etapa varchar(50),
                                                                IN par_descripcion varchar(250), IN par_empresa_id int,
                                                                IN par_cantidad decimal(12, 5),
                                                                IN par_cantidad_producida decimal(12, 5),
                                                                IN par_observaciones varchar(250), IN par_parent_id int,
                                                                IN par_semana int, IN par_anio int,
                                                                IN par_tipo varchar(1), IN par_estado int,
                                                                IN par_usuario_mantenimiento int, IN par_accion int,
                                                                OUT resultado int)
begin
    /*
        Acciones:
        1 => insertar formula
        2 => actualizar formula
        3 => eliminar formula y sus detalles


        Errores:
        -1 => error al insertar
        -2 => error al actualizar formula
        -3 => error al eliminar formula y sus detalles
        -4 => error al actualizar, ya que la formula esta siendo usada
     */

    if par_accion = 1 then
        set resultado = -1;
    elseif par_accion = 2 then
        set resultado = -2;
    elseif par_accion = 3 then
        set resultado = -3;
    end if;

    if par_accion = 1 then
        set par_formula_id = (select ifnull(max(formula_id), 0) + 1 from bd_molino.formula);
        
        insert into bd_molino.formula(formula_id,
                                      formula_codigo,
                                      formula_etapa,
                                      formula_descripcion,
                                      formula_empresa_id,
                                      formula_cantidad,
                                      formula_observaciones,
                                      formula_parent_id,
                                      formula_semana,
                                      formula_anio,
                                      formula_tipo,
                                      formula_estado,
                                      usuario_creacion,
                                      fecha_creacion)
            value (par_formula_id,
                   par_codigo,
                   par_etapa,
                   par_descripcion,
                   par_empresa_id,
                   par_cantidad,
                   par_observaciones,
                   par_parent_id,
                   par_semana,
                   par_anio,
                   par_tipo,
                   par_estado,
                   par_usuario_mantenimiento,
                   now());

        set resultado = par_formula_id;

    elseif par_accion = 2 then
        set @formulaEstado = (select formula_estado from bd_molino.formula where formula_id = par_formula_id);

        if @formulaEstado = 2 then
            set resultado = -4;
        else
            update bd_molino.formula
                set formula_cantidad_producida = par_cantidad_producida,
                    usuario_modificacion = par_usuario_mantenimiento,
                    fecha_modificacion = now()
            where formula_id = par_formula_id
                and formula_estado = 1;

            set resultado = 1;
        end if;

    elseif par_accion = 3 then
        set @formulaEstado = (select formula_estado from bd_molino.formula where formula_id = par_formula_id);

        if @formulaEstado = 2 then
            set resultado = -4;
        else
            update bd_molino.formula
                set formula_estado = -1,
                    usuario_modificacion = par_usuario_mantenimiento,
                    fecha_modificacion = now()
            where formula_id = par_formula_id;

            update bd_molino.formula_detalle
                set formula_detalle_estado = 1,
                    usuario_modificacion = par_usuario_mantenimiento,
                    fecha_modificacion = now()
            where formula_id = par_formula_id;

            set resultado = 1;
        end if;
    end if;
end ;;
DELIMITER ;
/*!50003 SET sql_mode              = @saved_sql_mode */ ;
/*!50003 SET character_set_client  = @saved_cs_client */ ;
/*!50003 SET character_set_results = @saved_cs_results */ ;
/*!50003 SET collation_connection  = @saved_col_connection */ ;
/*!50003 DROP PROCEDURE IF EXISTS `sp_formula_obtener_por_id` */;
/*!50003 SET @saved_cs_client      = @@character_set_client */ ;
/*!50003 SET @saved_cs_results     = @@character_set_results */ ;
/*!50003 SET @saved_col_connection = @@collation_connection */ ;
/*!50003 SET character_set_client  = utf8 */ ;
/*!50003 SET character_set_results = utf8 */ ;
/*!50003 SET collation_connection  = utf8_general_ci */ ;
/*!50003 SET @saved_sql_mode       = @@sql_mode */ ;
/*!50003 SET sql_mode              = 'STRICT_TRANS_TABLES,NO_AUTO_CREATE_USER,NO_ENGINE_SUBSTITUTION' */ ;
DELIMITER ;;
CREATE DEFINER=`root`@`localhost` PROCEDURE `sp_formula_obtener_por_id`(IN par_formula_id int)
begin
    select f.formula_id,
           f.formula_codigo,
           f.formula_etapa,
           f.formula_descripcion,
           f.formula_empresa_id,
           f.formula_cantidad,
           f.formula_cantidad_producida,
           f.formula_observaciones,
           f.formula_parent_id,
           f.formula_semana,
           f.formula_anio,
           f.formula_tipo,
           f.formula_estado,
           e.empresa_id,
           e.empresa_ruc,
           e.empresa_razon_social,
           e.empresa_estado
    from bd_molino.formula f
        left join bd_molino.empresa e
            on f.formula_empresa_id = e.empresa_id
    where f.formula_id = par_formula_id
        and f.formula_estado > 0;
end ;;
DELIMITER ;
/*!50003 SET sql_mode              = @saved_sql_mode */ ;
/*!50003 SET character_set_client  = @saved_cs_client */ ;
/*!50003 SET character_set_results = @saved_cs_results */ ;
/*!50003 SET collation_connection  = @saved_col_connection */ ;
/*!50003 DROP PROCEDURE IF EXISTS `sp_precio_mantenimiento` */;
/*!50003 SET @saved_cs_client      = @@character_set_client */ ;
/*!50003 SET @saved_cs_results     = @@character_set_results */ ;
/*!50003 SET @saved_col_connection = @@collation_connection */ ;
/*!50003 SET character_set_client  = utf8 */ ;
/*!50003 SET character_set_results = utf8 */ ;
/*!50003 SET collation_connection  = utf8_general_ci */ ;
/*!50003 SET @saved_sql_mode       = @@sql_mode */ ;
/*!50003 SET sql_mode              = 'STRICT_TRANS_TABLES,NO_AUTO_CREATE_USER,NO_ENGINE_SUBSTITUTION' */ ;
DELIMITER ;;
CREATE DEFINER=`root`@`localhost` PROCEDURE `sp_precio_mantenimiento`(IN par_precio_id int, IN par_precio_semana int,
                                                               IN par_articulo_id int,
                                                               IN par_precio_valor decimal(12, 5),
                                                               IN par_precio_flete_valor decimal(12, 5),
                                                               IN par_precio_actual bit, IN par_precio_estado int,
                                                               IN par_usuario_mantenimiento int, IN par_accion int,
                                                               OUT resultado int)
begin
    /*
        Acciones:
        1 => Insertar precio
        
        Errores:
        -1 => Error al insertar precio
    */
    
    if par_accion = 1 then 
        set resultado = -1;
    end if;
    
    if par_accion = 1 then
        update bd_molino.precio set precio_actual = false
        where precio_articulo_id = par_articulo_id;
        
        set par_precio_id = (select ifnull(max(precio_id), 0) + 1 from precio);
        insert into bd_molino.precio(precio_id, 
                                     precio_semana, 
                                     precio_articulo_id, 
                                     precio_valor,
                                     precio_actual,
                                     precio_estado,
                                     usuario_creacion,
                                     fecha_creacion,
                                     precio_flete_valor)
        value (par_precio_id,
              par_precio_semana,
              par_articulo_id,
              par_precio_valor,
              par_precio_actual,
              par_precio_estado,
              par_usuario_mantenimiento,
              now(),
              par_precio_flete_valor);
        set resultado = par_precio_id;
    end if;
end ;;
DELIMITER ;
/*!50003 SET sql_mode              = @saved_sql_mode */ ;
/*!50003 SET character_set_client  = @saved_cs_client */ ;
/*!50003 SET character_set_results = @saved_cs_results */ ;
/*!50003 SET collation_connection  = @saved_col_connection */ ;
/*!50003 DROP PROCEDURE IF EXISTS `sp_rol_listar_por_usuarioid` */;
/*!50003 SET @saved_cs_client      = @@character_set_client */ ;
/*!50003 SET @saved_cs_results     = @@character_set_results */ ;
/*!50003 SET @saved_col_connection = @@collation_connection */ ;
/*!50003 SET character_set_client  = utf8 */ ;
/*!50003 SET character_set_results = utf8 */ ;
/*!50003 SET collation_connection  = utf8_general_ci */ ;
/*!50003 SET @saved_sql_mode       = @@sql_mode */ ;
/*!50003 SET sql_mode              = 'STRICT_TRANS_TABLES,NO_AUTO_CREATE_USER,NO_ENGINE_SUBSTITUTION' */ ;
DELIMITER ;;
CREATE DEFINER=`root`@`localhost` PROCEDURE `sp_rol_listar_por_usuarioid`(IN par_usuario_id int)
begin
    select r.rol_id,
           r.rol_nombre
    from bd_molino.vw_rol r
         inner join bd_molino.vw_usuario_rol ur
            on r.rol_id = ur.rol_id
    where ur.usuario_id = par_usuario_id;
end ;;
DELIMITER ;
/*!50003 SET sql_mode              = @saved_sql_mode */ ;
/*!50003 SET character_set_client  = @saved_cs_client */ ;
/*!50003 SET character_set_results = @saved_cs_results */ ;
/*!50003 SET collation_connection  = @saved_col_connection */ ;
/*!50003 DROP PROCEDURE IF EXISTS `sp_usuario_autenticar` */;
/*!50003 SET @saved_cs_client      = @@character_set_client */ ;
/*!50003 SET @saved_cs_results     = @@character_set_results */ ;
/*!50003 SET @saved_col_connection = @@collation_connection */ ;
/*!50003 SET character_set_client  = utf8 */ ;
/*!50003 SET character_set_results = utf8 */ ;
/*!50003 SET collation_connection  = utf8_general_ci */ ;
/*!50003 SET @saved_sql_mode       = @@sql_mode */ ;
/*!50003 SET sql_mode              = 'STRICT_TRANS_TABLES,NO_AUTO_CREATE_USER,NO_ENGINE_SUBSTITUTION' */ ;
DELIMITER ;;
CREATE DEFINER=`root`@`localhost` PROCEDURE `sp_usuario_autenticar`(IN par_usuario_nombre varchar(50))
begin
    select u.usuario_id,
           u.usuario_nombre,
           u.usuario_password,
           u.usuario_correo,
           u.usuario_activo,
           u.usuario_lastlogin
    from bd_molino.vw_usuario u
    where upper(u.usuario_nombre) = upper(par_usuario_nombre);
end ;;
DELIMITER ;
/*!50003 SET sql_mode              = @saved_sql_mode */ ;
/*!50003 SET character_set_client  = @saved_cs_client */ ;
/*!50003 SET character_set_results = @saved_cs_results */ ;
/*!50003 SET collation_connection  = @saved_col_connection */ ;
/*!50003 DROP PROCEDURE IF EXISTS `sp_usuario_listar_para_notificar` */;
/*!50003 SET @saved_cs_client      = @@character_set_client */ ;
/*!50003 SET @saved_cs_results     = @@character_set_results */ ;
/*!50003 SET @saved_col_connection = @@collation_connection */ ;
/*!50003 SET character_set_client  = utf8 */ ;
/*!50003 SET character_set_results = utf8 */ ;
/*!50003 SET collation_connection  = utf8_general_ci */ ;
/*!50003 SET @saved_sql_mode       = @@sql_mode */ ;
/*!50003 SET sql_mode              = 'STRICT_TRANS_TABLES,NO_AUTO_CREATE_USER,NO_ENGINE_SUBSTITUTION' */ ;
DELIMITER ;;
CREATE DEFINER=`root`@`localhost` PROCEDURE `sp_usuario_listar_para_notificar`()
begin
    set @paola = 'paola.sussoni';
    set @diego = 'diego.ortiz';

    select u.usuario_id,
           u.usuario_nombre,
           u.usuario_password,
           u.usuario_correo,
           u.usuario_activo,
           u.usuario_lastlogin
    from bd_molino.vw_usuario u
    where u.usuario_nombre = @paola
       or u.usuario_nombre = @diego;
end ;;
DELIMITER ;
/*!50003 SET sql_mode              = @saved_sql_mode */ ;
/*!50003 SET character_set_client  = @saved_cs_client */ ;
/*!50003 SET character_set_results = @saved_cs_results */ ;
/*!50003 SET collation_connection  = @saved_col_connection */ ;

--
-- Final view structure for view `vw_articulo`
--

/*!50001 DROP VIEW IF EXISTS `vw_articulo`*/;
/*!50001 SET @saved_cs_client          = @@character_set_client */;
/*!50001 SET @saved_cs_results         = @@character_set_results */;
/*!50001 SET @saved_col_connection     = @@collation_connection */;
/*!50001 SET character_set_client      = utf8 */;
/*!50001 SET character_set_results     = utf8 */;
/*!50001 SET collation_connection      = utf8_general_ci */;
/*!50001 CREATE ALGORITHM=UNDEFINED */
/*!50013 DEFINER=`root`@`localhost` SQL SECURITY DEFINER */
/*!50001 VIEW `vw_articulo` AS select `jstock_prod`.`articulo`.`articulo_id` AS `articulo_id`,`jstock_prod`.`articulo`.`subfamilia_id` AS `subfamilia_id`,`jstock_prod`.`articulo`.`articulo_codigo` AS `articulo_codigo`,`jstock_prod`.`articulo`.`articulo_descripcion` AS `articulo_descripcion`,`jstock_prod`.`articulo`.`unidadmedida_id` AS `unidadmedida_id`,`jstock_prod`.`articulo`.`articulo_codigo2` AS `articulo_codigo2`,`jstock_prod`.`articulo`.`articulo_descripcion2` AS `articulo_descripcion2`,`jstock_prod`.`articulo`.`unidadmedida_id_2` AS `unidadmedida_id_2`,`jstock_prod`.`articulo`.`articulo_sujetodetraccion` AS `articulo_sujetodetraccion`,`jstock_prod`.`articulo`.`articulo_porcentajedetraccion` AS `articulo_porcentajedetraccion`,`jstock_prod`.`articulo`.`articulo_codigodetraccion` AS `articulo_codigodetraccion`,`jstock_prod`.`articulo`.`articulo_observacion` AS `articulo_observacion` from `jstock_prod`.`articulo` */;
/*!50001 SET character_set_client      = @saved_cs_client */;
/*!50001 SET character_set_results     = @saved_cs_results */;
/*!50001 SET collation_connection      = @saved_col_connection */;

--
-- Final view structure for view `vw_familia`
--

/*!50001 DROP VIEW IF EXISTS `vw_familia`*/;
/*!50001 SET @saved_cs_client          = @@character_set_client */;
/*!50001 SET @saved_cs_results         = @@character_set_results */;
/*!50001 SET @saved_col_connection     = @@collation_connection */;
/*!50001 SET character_set_client      = utf8 */;
/*!50001 SET character_set_results     = utf8 */;
/*!50001 SET collation_connection      = utf8_general_ci */;
/*!50001 CREATE ALGORITHM=UNDEFINED */
/*!50013 DEFINER=`root`@`localhost` SQL SECURITY DEFINER */
/*!50001 VIEW `vw_familia` AS select `jstock_prod`.`familia`.`familia_id` AS `familia_id`,`jstock_prod`.`familia`.`linea_id` AS `linea_id`,`jstock_prod`.`familia`.`familia_codigo` AS `familia_codigo`,`jstock_prod`.`familia`.`familia_descripcion` AS `familia_descripcion` from `jstock_prod`.`familia` */;
/*!50001 SET character_set_client      = @saved_cs_client */;
/*!50001 SET character_set_results     = @saved_cs_results */;
/*!50001 SET collation_connection      = @saved_col_connection */;

--
-- Final view structure for view `vw_rol`
--

/*!50001 DROP VIEW IF EXISTS `vw_rol`*/;
/*!50001 SET @saved_cs_client          = @@character_set_client */;
/*!50001 SET @saved_cs_results         = @@character_set_results */;
/*!50001 SET @saved_col_connection     = @@collation_connection */;
/*!50001 SET character_set_client      = utf8 */;
/*!50001 SET character_set_results     = utf8 */;
/*!50001 SET collation_connection      = utf8_general_ci */;
/*!50001 CREATE ALGORITHM=UNDEFINED */
/*!50013 DEFINER=`root`@`localhost` SQL SECURITY DEFINER */
/*!50001 VIEW `vw_rol` AS select `bd_jventas`.`rol`.`rol_id` AS `rol_id`,`bd_jventas`.`rol`.`rol_nombre` AS `rol_nombre` from `bd_jventas`.`rol` */;
/*!50001 SET character_set_client      = @saved_cs_client */;
/*!50001 SET character_set_results     = @saved_cs_results */;
/*!50001 SET collation_connection      = @saved_col_connection */;

--
-- Final view structure for view `vw_subfamilia`
--

/*!50001 DROP VIEW IF EXISTS `vw_subfamilia`*/;
/*!50001 SET @saved_cs_client          = @@character_set_client */;
/*!50001 SET @saved_cs_results         = @@character_set_results */;
/*!50001 SET @saved_col_connection     = @@collation_connection */;
/*!50001 SET character_set_client      = utf8 */;
/*!50001 SET character_set_results     = utf8 */;
/*!50001 SET collation_connection      = utf8_general_ci */;
/*!50001 CREATE ALGORITHM=UNDEFINED */
/*!50013 DEFINER=`root`@`localhost` SQL SECURITY DEFINER */
/*!50001 VIEW `vw_subfamilia` AS select `jstock_prod`.`subfamilia`.`subfamilia_id` AS `subfamilia_id`,`jstock_prod`.`subfamilia`.`familia_id` AS `familia_id`,`jstock_prod`.`subfamilia`.`subfamilia_codigo` AS `subfamilia_codigo`,`jstock_prod`.`subfamilia`.`subfamilia_descripcion` AS `subfamilia_descripcion` from `jstock_prod`.`subfamilia` */;
/*!50001 SET character_set_client      = @saved_cs_client */;
/*!50001 SET character_set_results     = @saved_cs_results */;
/*!50001 SET collation_connection      = @saved_col_connection */;

--
-- Final view structure for view `vw_unidad_medida`
--

/*!50001 DROP VIEW IF EXISTS `vw_unidad_medida`*/;
/*!50001 SET @saved_cs_client          = @@character_set_client */;
/*!50001 SET @saved_cs_results         = @@character_set_results */;
/*!50001 SET @saved_col_connection     = @@collation_connection */;
/*!50001 SET character_set_client      = utf8 */;
/*!50001 SET character_set_results     = utf8 */;
/*!50001 SET collation_connection      = utf8_general_ci */;
/*!50001 CREATE ALGORITHM=UNDEFINED */
/*!50013 DEFINER=`root`@`localhost` SQL SECURITY DEFINER */
/*!50001 VIEW `vw_unidad_medida` AS select `jstock_prod`.`unidad_medida`.`unidadmedida_id` AS `unidadmedida_id`,`jstock_prod`.`unidad_medida`.`unidadmedida_codigo` AS `unidadmedida_codigo`,`jstock_prod`.`unidad_medida`.`unidadmedida_descripcion` AS `unidadmedida_descripcion` from `jstock_prod`.`unidad_medida` */;
/*!50001 SET character_set_client      = @saved_cs_client */;
/*!50001 SET character_set_results     = @saved_cs_results */;
/*!50001 SET collation_connection      = @saved_col_connection */;

--
-- Final view structure for view `vw_usuario`
--

/*!50001 DROP VIEW IF EXISTS `vw_usuario`*/;
/*!50001 SET @saved_cs_client          = @@character_set_client */;
/*!50001 SET @saved_cs_results         = @@character_set_results */;
/*!50001 SET @saved_col_connection     = @@collation_connection */;
/*!50001 SET character_set_client      = utf8 */;
/*!50001 SET character_set_results     = utf8 */;
/*!50001 SET collation_connection      = utf8_general_ci */;
/*!50001 CREATE ALGORITHM=UNDEFINED */
/*!50013 DEFINER=`root`@`localhost` SQL SECURITY DEFINER */
/*!50001 VIEW `vw_usuario` AS select `bd_jventas`.`usuario`.`usuario_id` AS `usuario_id`,`bd_jventas`.`usuario`.`usuario_nombre` AS `usuario_nombre`,`bd_jventas`.`usuario`.`usuario_password` AS `usuario_password`,`bd_jventas`.`usuario`.`usuario_correo` AS `usuario_correo`,`bd_jventas`.`usuario`.`usuario_activo` AS `usuario_activo`,`bd_jventas`.`usuario`.`usuario_lastlogin` AS `usuario_lastlogin` from `bd_jventas`.`usuario` */;
/*!50001 SET character_set_client      = @saved_cs_client */;
/*!50001 SET character_set_results     = @saved_cs_results */;
/*!50001 SET collation_connection      = @saved_col_connection */;

--
-- Final view structure for view `vw_usuario_rol`
--

/*!50001 DROP VIEW IF EXISTS `vw_usuario_rol`*/;
/*!50001 SET @saved_cs_client          = @@character_set_client */;
/*!50001 SET @saved_cs_results         = @@character_set_results */;
/*!50001 SET @saved_col_connection     = @@collation_connection */;
/*!50001 SET character_set_client      = utf8 */;
/*!50001 SET character_set_results     = utf8 */;
/*!50001 SET collation_connection      = utf8_general_ci */;
/*!50001 CREATE ALGORITHM=UNDEFINED */
/*!50013 DEFINER=`root`@`localhost` SQL SECURITY DEFINER */
/*!50001 VIEW `vw_usuario_rol` AS select `jstock_prod`.`usuario_rol`.`usuario_id` AS `usuario_id`,`jstock_prod`.`usuario_rol`.`rol_id` AS `rol_id` from `jstock_prod`.`usuario_rol` */;
/*!50001 SET character_set_client      = @saved_cs_client */;
/*!50001 SET character_set_results     = @saved_cs_results */;
/*!50001 SET collation_connection      = @saved_col_connection */;
/*!40103 SET TIME_ZONE=@OLD_TIME_ZONE */;

/*!40101 SET SQL_MODE=@OLD_SQL_MODE */;
/*!40014 SET FOREIGN_KEY_CHECKS=@OLD_FOREIGN_KEY_CHECKS */;
/*!40014 SET UNIQUE_CHECKS=@OLD_UNIQUE_CHECKS */;
/*!40101 SET CHARACTER_SET_CLIENT=@OLD_CHARACTER_SET_CLIENT */;
/*!40101 SET CHARACTER_SET_RESULTS=@OLD_CHARACTER_SET_RESULTS */;
/*!40101 SET COLLATION_CONNECTION=@OLD_COLLATION_CONNECTION */;
/*!40111 SET SQL_NOTES=@OLD_SQL_NOTES */;

-- Dump completed on 2019-09-27 10:28:53
